Date,Open,High,Low,Close,Volume
2015-01-02,170.9117,171.3258,169.0898,170.125,121465900
2015-01-05,169.0816,169.2472,166.7462,167.0526,169632600
2015-01-06,167.359,167.8807,164.6841,165.4791,209151400
2015-01-07,166.8042,167.8808,166.357,167.5412,125346700
2015-01-08,168.949,170.7295,168.9324,170.5142,147217800
2015-01-09,170.9283,170.9449,168.535,169.1478,158567300
2015-01-12,169.2803,169.4377,167.2182,167.8228,144396100
2015-01-13,169.0401,170.1664,166.0505,167.3507,214553300
2015-01-14,165.3383,166.5391,164.4439,166.3404,192991100
2015-01-15,166.9781,167.2927,164.7007,164.8166,176613900
2015-01-16,164.6096,167.1354,164.4274,166.9781,211879600
2015-01-20,167.6157,167.8807,165.769,167.3342,130991100
2015-01-21,166.8704,168.6592,166.4067,168.1789,122942700
2015-01-22,168.9325,170.8124,167.5578,170.6799,174356000
2015-01-23,170.4231,170.6798,169.6115,169.744,117516800
2015-01-26,169.5287,170.2326,168.8165,170.1415,92009700
2015-01-27,168.0878,169.0401,167.0692,167.8973,134044600
2015-01-28,169.0815,169.1809,165.5537,165.7441,168514300
2015-01-29,165.9429,167.533,164.5351,167.2762,173585400
2015-01-30,166.1003,167.4253,164.9077,165.1727,197729700
2015-02-02,165.6696,167.3094,163.856,167.2183,163107000
2015-02-03,168.1126,169.6446,167.7399,169.6363,124212900
2015-02-04,168.8745,170.0836,168.535,168.9904,134306700
2015-02-05,169.6529,170.8455,169.5784,170.6964,97953200
2015-02-06,171.0608,171.624,169.7027,170.2244,125672000
2015-02-09,169.5784,170.2989,169.0567,169.4625,87219000
2015-02-10,170.4976,171.5245,169.5039,171.2678,96164200
2015-02-11,171.1022,171.7979,170.4563,171.3672,91087800
2015-02-12,172.1622,173.0732,171.4003,173.0152,97545900
2015-02-13,173.1395,173.7771,172.8827,173.7274,93670400
2015-02-17,173.4127,174.1746,173.1643,174.0007,76968200
2015-02-18,173.6281,174.0918,173.363,174.0173,80652900
2015-02-19,173.421,174.2575,173.2803,173.8931,91462500
2015-02-20,173.479,175.011,172.8579,174.9365,140896400
2015-02-23,174.6881,174.9117,174.3071,174.9117,74411100
2015-02-24,174.8371,175.6073,174.539,175.4086,72472300
2015-02-25,175.2843,175.7647,174.92,175.2595,73061700
2015-02-26,175.1684,175.3257,174.4479,175.0525,72697900
2015-02-27,174.9531,175.2181,174.4065,174.4562,108076000
2015-03-02,174.5556,175.6156,174.5059,175.5576,87491400
2015-03-03,175.127,175.6073,173.9759,174.8372,110325800
2015-03-04,174.2408,174.3154,173.1311,174.1,114497200
2015-03-05,174.4231,174.5721,173.7854,174.2906,76873000
2015-03-06,173.4293,173.8599,171.508,171.8393,188128000
2015-03-09,172.038,172.9075,171.8807,172.5515,89818900
2015-03-10,171.1851,171.2679,169.711,169.7524,157121300
2015-03-11,170.0091,170.183,169.272,169.3548,110145700
2015-03-12,169.9842,171.5743,169.9345,171.508,93993500
2015-03-13,171.2347,172.1953,169.4211,170.4562,162410900
2015-03-16,171.185,172.8247,170.4811,172.7336,136099200
2015-03-17,171.9966,172.6012,171.4086,172.2202,94510400
2015-03-18,171.7482,174.9614,171.1105,174.2906,228808500
2015-03-19,173.8765,174.2988,173.1063,173.4955,117917300
2015-03-20,174.4446,175.5343,174.2616,175.0269,177715100
2015-03-23,175.0353,175.6093,174.6859,174.6859,71784500
2015-03-24,174.5611,175.0186,173.6378,173.7043,77805300
2015-03-25,173.9123,174.1452,171.1173,171.1589,159521700
2015-03-26,170.4934,171.6663,169.7947,170.7513,153067200
2015-03-27,170.6349,171.317,170.4435,171.1423,118939000
2015-03-30,172.1738,173.5297,172.1572,173.2302,96180400
2015-03-31,172.4066,173.1054,171.658,171.7162,126768700
2015-04-01,171.683,171.7079,170.1191,171.109,137303600
2015-04-02,171.0424,172.1737,170.8594,171.7245,86900900
2015-04-06,170.8345,173.3965,170.7014,172.8808,114368200
2015-04-07,172.9057,173.6544,172.39,172.4233,81236300
2015-04-08,172.6479,173.4465,172.257,173.0056,89351900
2015-04-09,172.8392,174.0038,172.3484,173.7709,85548900
2015-04-10,174.0204,174.7607,173.8208,174.7191,72722900
2015-04-13,174.5778,175.21,173.879,173.9289,74436600
2015-04-14,173.7293,174.4446,173.1054,174.2616,75099900
2015-04-15,174.7275,175.551,174.6443,175.0436,99529300
2015-04-16,174.7109,175.5012,174.5113,174.9937,68934900
2015-04-17,173.8042,174.0454,172.1988,172.9807,191113200
2015-04-20,173.904,174.8938,173.8208,174.5611,92189500
2015-04-21,175.2433,175.4013,174.0537,174.3532,72559800
2015-04-22,174.6942,175.393,173.7709,175.21,78264600
2015-04-23,174.8107,176.2997,174.6942,175.6509,102585900
2015-04-24,176.0668,176.3246,175.6093,176.0584,61327400
2015-04-27,176.6241,176.7488,175.1351,175.3264,79358100
2015-04-28,175.3015,175.9337,174.1286,175.8837,86863500
2015-04-29,174.9937,175.759,174.3532,175.1601,125684900
2015-04-30,174.5861,174.9771,172.7062,173.4049,161304900
2015-05-01,174.1868,175.3264,174.087,175.2848,103399700
2015-05-04,175.709,176.3662,175.6009,175.7839,70927200
2015-05-05,175.5427,175.9004,173.6294,173.7709,113326200
2015-05-06,174.3199,174.6277,171.9907,173.0555,135060200
2015-05-07,172.9557,174.1702,172.623,173.746,88244900
2015-05-08,175.4179,176.2331,175.3347,176.0334,155877300
2015-05-11,175.9919,176.2581,175.1185,175.1933,75708100
2015-05-12,174.3616,175.21,173.538,174.6693,119727600
2015-05-13,175.0769,175.7007,174.4696,174.7025,94667900
2015-05-14,175.7174,176.6157,175.4429,176.5242,95934000
2015-05-15,176.7156,176.857,176.2331,176.7156,76510100
2015-05-18,176.5492,177.5141,176.4826,177.2646,74549700
2015-05-19,177.3811,177.6556,176.9236,177.2064,72114600
2015-05-20,177.3062,177.8303,176.7655,177.0816,76857500
2015-05-21,176.9402,177.8053,176.7738,177.5973,64764600
2015-05-22,177.2146,177.6306,177.1065,177.1731,57433500
2015-05-26,176.6823,177.1065,174.8522,175.2682,124308600
2015-05-27,175.7258,177.1649,175.3182,176.9319,93214000
2015-05-28,176.6241,176.8404,176.0418,176.7322,74974600
2015-05-29,176.6656,176.7072,175.368,175.6342,124919600
2015-06-01,176.2997,176.6324,175.2016,175.9919,93338800
2015-06-02,175.5344,176.5076,174.9105,175.8172,91531000
2015-06-03,176.3496,176.9069,175.7922,176.283,87820900
2015-06-04,175.576,176.2331,174.4779,174.7941,151882800
2015-06-05,174.6443,175.1684,173.8374,174.4946,121704700
2015-06-08,174.3864,174.5362,173.3466,173.4215,89063300
2015-06-09,173.3965,173.9372,172.7643,173.3965,105034700
2015-06-10,174.1618,175.8588,174.1036,175.4761,134551300
2015-06-11,175.917,176.4244,175.6841,176.0418,73876400
2015-06-12,175.2183,175.917,174.4197,174.6942,135382400
2015-06-15,173.5546,174.2283,172.8475,173.9455,124384200
2015-06-16,173.7959,174.9771,173.6212,174.8939,85308200
2015-06-17,175.1767,175.784,174.1536,175.1767,126708600
2015-06-18,175.7756,177.4642,175.2099,176.9984,165867900
2015-06-19,176.756,176.8313,175.8365,176.2127,130478700
2015-06-22,177.1321,177.7005,176.9064,177.1154,70696000
2015-06-23,177.3244,177.5752,176.848,177.2408,68476800
2015-06-24,176.9734,177.3495,175.9285,175.9536,92307300
2015-06-25,176.4551,176.5805,175.3434,175.4186,97107400
2015-06-26,175.778,176.0204,174.8335,175.3852,104174800
2015-06-29,173.9056,175.3935,171.632,171.7073,202621300
2015-06-30,173.2453,173.2955,171.5903,172.0667,182925100
2015-07-01,173.6382,173.8889,172.6602,173.4459,135979900
2015-07-02,173.9224,174.0895,172.8691,173.2871,104373700
2015-07-06,171.9998,173.5712,171.7992,172.7939,117975400
2015-07-07,172.9945,174.0059,170.6123,173.8806,173820200
2015-07-08,172.5432,172.8274,170.7293,170.9633,164020100
2015-07-09,173.0614,173.3205,171.164,171.2726,144113100
2015-07-10,173.2704,173.8471,171.3144,173.4292,129456900
2015-07-13,174.6914,175.452,174.6496,175.3434,106069400
2015-07-14,175.3016,176.4133,175.2431,176.104,81709600
2015-07-15,176.1458,176.6056,175.5691,176.0455,97914100
2015-07-16,177.0987,177.4582,176.8563,177.4582,106683300
2015-07-17,177.4498,177.6671,177.0402,177.6086,89030000
2015-07-20,177.8344,178.1938,177.383,177.7006,70446800
2015-07-21,177.5668,177.8259,176.6974,176.9984,77965000
2015-07-22,176.313,177.0152,176.2796,176.6808,88667900
2015-07-23,176.8145,176.9148,175.3266,175.6861,90509100
2015-07-24,175.7864,175.8449,173.5295,173.8639,117755000
2015-07-27,172.9778,173.4877,172.4094,172.8524,132361100
2015-07-28,173.6883,175.1177,172.8608,174.9756,123544800
2015-07-29,175.1009,176.4049,174.9588,176.1792,105791300
2015-07-30,175.6694,176.3882,175.0508,176.221,91304400
2015-07-31,176.7226,176.7477,175.6694,175.9536,103266900
2015-08-03,175.9201,175.9786,174.4071,175.36,113965700
2015-08-04,175.2848,175.7445,174.5325,175.0173,81820800
2015-08-05,175.9118,176.6306,175.3099,175.5941,85786800
2015-08-06,175.7781,175.8867,173.5713,174.1565,116030800
2015-08-07,173.9976,174.1481,172.9193,173.8221,117858000
2015-08-10,174.9338,176.0957,174.9338,176.0121,80270700
2015-08-11,174.6747,175.0926,173.6633,174.4239,126081400
2015-08-12,173.1199,174.8168,171.6571,174.6329,172123700
2015-08-13,174.474,175.1595,173.8722,174.4155,89383300
2015-08-14,174.2233,175.126,174.0812,175.0508,72786500
2015-08-17,174.4573,176.0288,173.9976,176.0288,79072600
2015-08-18,175.753,176.1041,175.2849,175.5189,71692700
2015-08-19,174.775,175.544,173.3205,174.1313,172946000
2015-08-20,172.6183,174.1062,170.4367,170.4952,194327900
2015-08-21,168.6229,170.4702,165.1038,165.3629,346588500
2015-08-24,156.7199,165.0703,152.4652,158.4,507244300
2015-08-25,163.3568,163.3735,156.2434,156.536,369833100
2015-08-26,160.5566,162.8218,157.4554,162.546,339257000
2015-08-27,164.6859,166.692,163.1729,166.5666,274143900
2015-08-28,165.9229,167.043,165.4381,166.5749,160414400
2015-08-31,165.597,166.4496,164.6775,165.2292,163298800
2015-09-01,161.4259,162.8051,159.4281,160.2975,256000400
2015-09-02,162.6797,163.3819,160.8408,163.3401,160269300
2015-09-03,164.0506,165.5468,162.9639,163.4571,152087800
2015-09-04,161.2003,162.0445,160.1638,160.9829,207081000
2015-09-08,163.7831,165.179,163.1395,165.0285,116025700
2015-09-09,166.6084,166.7337,162.454,162.8218,149347700
2015-09-10,162.6296,164.853,162.3705,163.7079,158611100
2015-09-11,163.315,164.5187,162.6045,164.4518,119691200
2015-09-14,164.6274,164.6775,163.3568,163.8416,79452000
2015-09-15,164.3431,166.3325,163.7998,165.8895,113806200
2015-09-16,166.1905,167.5195,165.8477,167.3272,99581600
2015-09-17,167.1935,169.5925,166.5749,166.9511,276046600
2015-09-18,164.4413,166.9368,163.8111,164.2228,223657500
2015-09-21,165.0546,166.0965,164.0212,165.0715,105726200
2015-09-22,162.9037,163.391,161.7946,162.9289,153890900
2015-09-23,163.0969,163.5675,162.0887,162.6684,92790600
2015-09-24,161.4501,162.5424,160.1141,162.0803,159378800
2015-09-25,163.5423,163.8448,161.1644,162.0383,155054800
2015-09-28,161.1392,161.2484,157.6606,157.9715,178515900
2015-09-29,158.19,159.4252,157.0641,158.064,159045600
2015-09-30,159.9545,161.1812,159.173,161.0132,163452000
2015-10-01,161.3913,161.7358,159.4924,161.4333,131079000
2015-10-02,159.4504,163.87,158.9042,163.8448,211003300
2015-10-05,165.0715,166.9872,164.9623,166.7603,126320800
2015-10-06,166.6259,167.1889,165.5252,166.189,110274500
2015-10-07,167.1216,167.903,165.9285,167.5501,124307300
2015-10-08,167.1636,169.3482,166.8611,169.0625,153055200
2015-10-09,169.2054,169.6423,168.5332,169.1634,107069200
2015-10-12,169.2391,169.5247,168.8105,169.3231,56395600
2015-10-13,168.592,169.8608,168.0879,168.256,88038700
2015-10-14,168.1972,168.7769,167.1553,167.4494,99106200
2015-10-15,168.1131,170.0289,167.7434,170.0205,134142200
2015-10-16,170.4238,170.8103,169.6591,170.7935,114580100
2015-10-19,170.1464,170.8774,169.8356,170.8774,76523900
2015-10-20,170.4406,171.2724,170.1885,170.659,78448500
2015-10-21,171.0791,171.2303,169.4323,169.6003,102038000
2015-10-22,170.5498,172.6756,169.6003,172.4655,174911700
2015-10-23,174.1376,174.7257,173.3393,174.356,144442300
2015-10-26,174.1796,174.2384,173.5578,173.9275,69033000
2015-10-27,173.2553,173.9275,172.9108,173.5914,77905800
2015-10-28,173.9275,175.5912,173.2637,175.566,135906700
2015-10-29,175.0618,175.8349,174.9442,175.4651,90525500
2015-10-30,175.6584,175.9777,174.5493,174.7089,131076900
2015-11-02,175.0366,176.9691,174.9106,176.7759,86270800
2015-11-03,176.423,177.843,176.1961,177.2884,95246100
2015-11-04,177.5825,177.7085,176.2129,176.7507,96224500
2015-11-05,176.8094,177.2716,175.6835,176.5742,78408700
2015-11-06,176.2297,176.7171,175.1542,176.4818,110471500
2015-11-09,175.8684,176.0196,173.8855,174.8349,131008700
2015-11-10,174.356,175.2719,174.0872,175.2383,75874600
2015-11-11,175.5071,175.5575,174.4821,174.5493,67846000
2015-11-12,173.5074,173.9779,172.0958,172.1126,121315200
2015-11-13,171.7009,171.9698,170.0961,170.1801,153577100
2015-11-16,169.9952,172.8268,169.8776,172.768,117645200
2015-11-17,173.0789,173.9612,172.1463,172.642,121123700
2015-11-18,173.1209,175.5239,173.0789,175.3811,121342500
2015-11-19,175.2635,175.65,174.9358,175.2299,88220500
2015-11-20,175.9861,176.549,175.4904,175.8685,94011500
2015-11-23,175.9272,176.4314,175.2046,175.6668,64931200
2015-11-24,174.6586,176.3054,174.2721,175.9021,98874400
2015-11-25,176.0281,176.2298,175.6164,175.8769,51980100
2015-11-27,175.9692,176.2801,175.4903,176.0785,37317800
2015-11-30,176.2381,176.3558,175.2383,175.3475,112822700
2015-12-01,175.9777,177.1372,175.7004,177.0196,97858400
2015-12-02,176.9692,177.2884,174.961,175.2131,108441300
2015-12-03,175.4651,175.734,172.037,172.7596,166224200
2015-12-04,172.7596,176.423,172.7596,176.1289,192913900
2015-12-07,175.8012,176.2213,174.0955,175.0618,102027100
2015-12-08,173.499,175.0114,172.9024,173.8855,103372400
2015-12-09,173.2469,175.3391,171.5581,172.5327,162401500
2015-12-10,172.6,174.2888,172.3647,172.9781,116128900
2015-12-11,170.8607,171.5244,169.3146,169.6255,211173300
2015-12-14,169.7852,170.6086,168.0039,170.4825,182385200
2015-12-15,171.995,173.1797,170.4574,172.2723,154069600
2015-12-16,173.3982,175.0955,172.079,174.793,197017000
2015-12-17,175.1038,175.171,172.1126,172.1294,173092500
2015-12-18,171.3873,171.5225,168.9023,169.0629,251393500
2015-12-21,170.2378,170.6351,169.1221,170.4576,99094300
2015-12-22,171.345,172.3002,170.3561,172.0043,111026200
2015-12-23,173.0102,174.1766,172.9172,174.1343,110987200
2015-12-24,173.8808,174.3964,173.6272,173.847,48539600
2015-12-28,173.1538,173.4919,172.3762,173.4497,65899900
2015-12-29,174.5484,175.6303,174.5146,175.3007,92640700
2015-12-30,175.0556,175.1401,173.9145,174.0582,63317700
2015-12-31,173.3821,174.0244,172.3171,172.3171,114877900
2016-01-04,169.4602,169.9166,167.8543,169.9082,222353500
2016-01-05,170.2293,170.6519,169.0882,170.1955,110845800
2016-01-06,167.6429,169.0967,167.0175,168.0487,152112600
2016-01-07,165.0988,166.8822,163.6281,164.0169,213436100
2016-01-08,164.9805,165.5383,161.9292,162.2166,209817200
2016-01-11,163.1379,163.476,160.4416,162.3772,187941300
2016-01-12,163.8225,164.4395,161.5572,163.6872,172330500
2016-01-13,164.355,164.7015,159.2245,159.6048,221168900
2016-01-14,160.2134,163.3491,158.6159,162.225,240795600
2016-01-15,157.8636,159.5456,156.8071,158.7427,324846400
2016-01-19,160.56,160.6867,157.3819,158.954,195244400
2016-01-20,156.3929,158.4806,153.0036,156.917,286547800
2016-01-21,157.3903,159.6386,156.0633,157.796,195772900
2016-01-22,160.4078,161.2361,159.6471,161.0332,168319600
2016-01-25,160.5261,160.7205,158.4045,158.5989,130371700
2016-01-26,159.2582,161.0417,158.9201,160.7627,141036800
2016-01-27,160.2387,161.9123,158.1087,159.0131,185681700
2016-01-28,160.5599,160.7627,158.1932,159.8414,143798800
2016-01-29,160.6107,163.8733,160.4923,163.738,210529300
2016-02-01,162.7322,164.4649,162.149,163.6788,136061600
2016-02-02,162.2504,162.2588,160.2049,160.7289,182564900
2016-02-03,161.7855,162.0982,158.1426,161.6925,205054900
2016-02-04,161.1939,162.9181,160.5599,161.9461,139531800
2016-02-05,161.4305,162.0052,158.2271,158.861,180788300
2016-02-08,157.0184,157.3142,154.508,156.7225,191526700
2016-02-09,154.9814,158.0073,154.8461,156.731,184513100
2016-02-10,157.5594,159.1906,156.469,156.5958,148214100
2016-02-11,154.1193,155.6069,153.0627,154.5588,219058900
2016-02-12,156.3337,157.7621,155.4885,157.7452,127632400
2016-02-16,159.5541,160.4331,158.5906,160.4078,120250700
2016-02-17,161.5742,163.3999,161.4474,163.028,136009500
2016-02-18,163.2985,163.3576,162.0475,162.3603,102343000
2016-02-19,161.5827,162.4363,160.9741,162.2842,114793000
2016-02-22,163.8648,164.7776,163.7972,164.634,103640300
2016-02-23,163.9747,164.2451,162.4363,162.5547,111455300
2016-02-24,161.1262,163.5774,160.0189,163.2984,150812200
2016-02-25,163.7464,165.2847,162.9857,165.2763,110728300
2016-02-26,166.1469,166.2398,164.7353,164.8959,129833700
2016-02-29,164.9128,165.8595,163.4083,163.6027,125918100
2016-03-01,164.8283,167.533,164.355,167.4485,141799700
2016-03-02,167.1358,168.2515,166.7216,168.2008,102415000
2016-03-03,168.0233,168.877,167.4485,168.86,95172200
2016-03-04,169.0545,170.1871,168.2262,169.4095,129293600
2016-03-07,168.4881,169.9504,168.4121,169.5447,100219000
2016-03-08,168.4713,168.9784,167.5331,167.6936,123974900
2016-03-09,168.5051,168.8686,167.719,168.522,94801200
2016-03-10,169.0122,169.9504,166.8315,168.6572,156838700
2016-03-11,170.111,171.4211,168.6403,171.3789,137964500
2016-03-14,170.8717,171.6155,170.5421,171.1591,73612000
2016-03-15,170.1955,171.1844,169.9335,170.8802,93169100
2016-03-16,170.3984,172.2748,170.3561,171.8691,129303200
2016-03-17,171.7846,173.4666,171.3873,172.9594,134278500
2016-03-18,173.4607,173.9789,173.1464,173.6391,138372400
2016-03-21,173.3757,174.1148,173.1463,173.8855,72926700
2016-03-22,173.1123,174.3612,172.9509,173.792,97471900
2016-03-23,173.4097,173.5966,172.4752,172.6451,81052500
2016-03-24,171.6171,172.6026,171.3962,172.5686,84360900
2016-03-28,172.9849,173.1973,172.2203,172.6706,62408200
2016-03-29,172.2627,174.3782,171.9569,174.2678,92922900
2016-03-30,175.2703,175.7546,174.6671,175.0325,86365300
2016-03-31,174.939,175.3638,174.4462,174.6076,94584100
2016-04-01,173.6136,175.984,173.2992,175.797,114423500
2016-04-04,175.7206,175.9245,174.922,175.2278,63497000
2016-04-05,173.8855,175.2363,173.2228,173.4777,99662200
2016-04-06,173.4777,175.4317,173.2993,175.3723,91839800
2016-04-07,174.2848,174.6416,172.5431,173.2738,113859000
2016-04-08,174.4547,174.888,173.2058,173.7411,95040600
2016-04-11,174.3782,175.0749,173.2398,173.3333,83757500
2016-04-12,173.5031,175.2278,173.0614,174.9474,115350600
2016-04-13,175.865,176.7996,175.7291,176.7146,96336400
2016-04-14,176.7741,177.2244,176.3748,176.7231,65212900
2016-04-15,176.7231,176.859,176.2048,176.5277,75761600
2016-04-18,176.5277,177.8021,175.8651,177.7681,82531000
2016-04-19,178.1929,178.5837,177.5132,178.3288,88316100
2016-04-20,178.3713,179.1954,177.8955,178.4988,81100300
2016-04-21,178.5158,178.6262,177.2669,177.5388,85695000
2016-04-22,177.1819,177.8106,176.6382,177.5388,99251700
2016-04-25,176.9355,177.2754,176.3238,177.2329,66166500
2016-04-26,177.5982,178.006,177.0205,177.4963,75864200
2016-04-27,177.114,178.2524,176.7571,177.8616,77329400
2016-04-28,177.1055,178.2099,175.8311,176.2474,97216200
2016-04-29,175.6271,175.9755,174.1913,175.2958,142424100
2016-05-02,175.7971,176.8676,175.3638,176.6891,62188000
2016-05-03,175.4572,175.6951,174.4037,175.1514,106422100
2016-05-04,174.1574,174.888,173.6731,174.1744,92243800
2016-05-05,174.6416,174.9984,173.7155,174.1403,67619200
2016-05-06,173.3672,174.82,173.2143,174.7775,89315000
2016-05-09,174.6501,175.3553,174.4717,174.922,74374900
2016-05-10,175.6271,177.1139,175.5592,177.0969,77472200
2016-05-11,176.6381,177.1734,175.4402,175.4402,81727000
2016-05-12,176.1113,176.2813,174.4801,175.4911,89586300
2016-05-13,175.1939,175.7461,173.6391,173.962,96474600
2016-05-16,174.1319,176.1539,174.0724,175.6782,77486800
2016-05-17,175.4063,175.6951,173.5117,174.0384,114924900
2016-05-18,173.69,175.2703,173.0019,174.0893,120062100
2016-05-19,173.3673,173.7751,172.2798,173.4862,115430500
2016-05-20,174.0979,175.1004,174.0469,174.5821,104990400
2016-05-23,174.5992,174.8795,174.1574,174.3443,58682600
2016-05-24,175.1599,176.9185,175.1344,176.6042,93537800
2016-05-25,177.2838,178.2184,176.6042,177.8021,76621400
2016-05-26,177.938,178.1674,177.5387,177.8531,55280700
2016-05-27,178.0145,178.6262,177.9635,178.6177,64211200
2016-05-31,178.8896,179.0,177.7171,178.2779,109879400
2016-06-01,177.6662,178.8216,177.4708,178.6432,69936200
2016-06-02,178.2439,179.2039,177.7681,179.1869,63044700
2016-06-03,178.6262,179.0,177.4453,178.6517,101757100
2016-06-06,179.0085,179.9176,178.8471,179.5608,64887000
2016-06-07,179.7137,180.4019,179.6882,179.8412,60974800
2016-06-08,179.977,180.5548,179.8496,180.4273,66170900
2016-06-09,179.6967,180.2999,179.4248,180.1809,73786900
2016-06-10,178.8046,179.1444,177.9295,178.4733,113829200
2016-06-13,177.8701,178.7281,177.012,177.0969,117751200
2016-06-14,176.7146,177.3433,175.797,176.7486,125059300
2016-06-15,176.7486,177.8701,176.3153,176.5023,109124500
2016-06-16,176.5022,177.1989,174.6671,177.029,149533100
2016-06-17,176.9248,176.9504,175.7121,176.3697,117055700
2016-06-20,178.3339,179.0085,177.4201,177.5055,82789600
2016-06-21,177.8898,178.4193,177.4457,178.0094,72461700
2016-06-22,178.1887,178.9146,177.5738,177.719,95560500
2016-06-23,179.1793,180.0846,178.7182,180.0334,102731400
2016-06-24,173.9016,180.0675,173.1244,173.5685,333444400
2016-06-27,172.1594,172.168,169.6486,170.4599,230775800
2016-06-28,172.0654,173.5599,171.758,173.5343,159382400
2016-06-29,174.9349,176.7198,174.8324,176.4892,137328600
2016-06-30,176.9589,178.9487,176.4038,178.8975,165021900
2016-07-01,178.8976,179.7601,178.7353,179.2733,106055300
2016-07-05,178.4449,178.5559,177.386,177.9838,109803700
2016-07-06,177.4884,179.1708,176.8309,179.0513,96021500
2016-07-07,179.2306,179.8967,178.1716,178.9402,85593800
2016-07-08,180.2384,181.8525,180.0078,181.6048,133971000
2016-07-11,182.0659,182.8174,181.8609,182.2452,73633900
2016-07-12,183.2103,183.8678,182.2708,183.5689,101275600
2016-07-13,183.9875,183.996,183.0566,183.5434,87324100
2016-07-14,184.8072,185.0378,184.1753,184.5681,91230900
2016-07-15,185.1318,185.3282,183.8764,184.3205,107155400
2016-07-18,184.44,184.9781,184.1838,184.8158,58725900
2016-07-19,184.3973,184.6621,184.1497,184.6279,54345700
2016-07-20,184.6279,185.6356,184.6279,185.3965,58159500
2016-07-21,185.2855,185.5075,184.2522,184.6962,67777300
2016-07-22,184.8158,185.5759,184.551,185.5246,62787500
2016-07-25,185.3197,185.3709,184.44,185.0208,55873100
2016-07-26,184.9183,185.4648,184.2607,185.1062,70080500
2016-07-27,185.4819,185.5503,184.1411,184.9098,84083900
2016-07-28,184.7133,185.4136,184.2521,185.1232,65035700
2016-07-29,184.8585,185.7808,184.5767,185.4222,79519400
2016-08-01,185.4819,185.8748,184.8158,185.2684,73311400
2016-08-02,185.0208,185.1745,183.2444,184.0814,92295500
2016-08-03,184.0216,184.6792,183.7227,184.6194,53993600
2016-08-04,184.7304,185.1318,182.9712,184.8158,46585500
2016-08-05,184.8158,186.3701,184.8158,186.3274,71892200
2016-08-08,186.5152,186.6177,185.9516,186.2164,39906500
2016-08-09,186.2847,186.8227,186.0029,186.3274,51251700
2016-08-10,186.4384,186.5153,185.5161,185.8662,57941100
2016-08-11,186.3958,186.9765,186.131,186.7288,72504300
2016-08-12,186.4213,186.78,186.1651,186.5665,61313500
2016-08-15,186.9337,187.4546,186.9252,187.1045,49813500
2016-08-16,186.6861,186.7544,186.1395,186.1395,53213600
2016-08-17,186.1737,186.6263,185.3368,186.4897,75134300
2016-08-18,186.464,186.9422,186.353,186.9081,52989300
2016-08-19,186.4384,186.8141,185.9516,186.6348,75443000
2016-08-22,186.3957,186.8569,186.0285,186.6263,61368800
2016-08-23,187.2412,187.5401,186.9423,187.0021,53399200
2016-08-24,186.8569,186.9508,185.6271,186.0456,71728900
2016-08-25,185.6612,186.3359,185.5075,185.9174,69224800
2016-08-26,186.1054,187.1302,184.6792,185.5674,122506300
2016-08-29,185.6954,186.7458,185.6613,186.4811,70502200
2016-08-30,186.3957,186.6775,185.6186,186.1737,58114500
2016-08-31,185.8406,185.9602,184.867,185.6442,85269500
2016-09-01,185.6357,185.9431,184.4913,185.6527,97844200
2016-09-02,186.5067,186.9167,185.9175,186.4897,79293900
2016-09-06,186.7715,187.1302,186.0541,187.0533,56702100
2016-09-07,186.891,187.2156,186.4299,187.0362,76554900
2016-09-08,186.7031,186.9764,186.3018,186.6092,74102900
2016-09-09,185.294,185.3453,182.1171,182.1427,221589100
2016-09-12,181.3827,185.1574,181.3144,184.756,168110900
2016-09-13,183.475,183.7397,181.4766,182.1001,182828800
2016-09-14,182.1513,183.3554,181.4766,182.0317,134185500
2016-09-15,181.8696,184.2351,181.6902,183.8508,134427900
2016-09-16,183.2346,183.4148,182.4535,183.1401,155236400
2016-09-19,183.7924,184.4361,182.8482,183.1744,80250500
2016-09-20,184.0328,184.1873,183.1487,183.183,69665300
2016-09-21,183.8868,185.4232,183.2002,185.243,110284400
2016-09-22,186.2558,186.7107,186.0069,186.4103,76678700
2016-09-23,186.0154,186.1528,185.2945,185.3889,73630900
2016-09-26,184.5563,184.7366,183.6894,183.8868,89827300
2016-09-27,183.7238,185.1229,183.3547,185.0285,78494800
2016-09-28,185.2516,186.1013,184.2903,185.9468,87411000
2016-09-29,185.7408,186.1442,183.7152,184.2645,128070600
2016-09-30,185.0971,186.3588,184.8481,185.655,117202900
2016-10-03,185.2429,185.4317,184.5734,185.2086,83512100
2016-10-04,185.3203,185.5434,183.6723,184.2645,119948100
2016-10-05,184.8911,185.5091,184.8224,185.0799,72816000
2016-10-06,184.8567,185.4317,184.3159,185.2086,62927400
2016-10-07,185.4833,185.6549,183.8439,184.5735,89788300
2016-10-10,185.5348,185.9983,185.3889,185.5348,51855000
2016-10-11,185.1057,185.1743,182.462,183.1916,130367400
2016-10-12,183.3289,183.9555,182.8311,183.4319,73866100
2016-10-13,182.1015,183.3289,181.2861,182.8311,101357000
2016-10-14,183.8096,184.2731,182.8483,182.9255,93346200
2016-10-17,182.8998,183.1573,182.1101,182.2904,58275700
2016-10-18,183.8868,183.9469,183.0543,183.4319,76869700
2016-10-19,183.698,184.2302,183.3375,183.9212,66519200
2016-10-20,183.5692,184.1357,182.9169,183.5778,73639800
2016-10-21,183.5778,183.7495,182.6165,183.6637,89089100
2016-10-24,184.5391,184.8138,184.0928,184.4447,60146600
2016-10-25,184.2644,184.5219,183.6636,183.8267,66542300
2016-10-26,183.0027,184.0413,182.7624,183.4576,75705500
2016-10-27,184.1787,184.213,182.8912,182.9684,77220200
2016-10-28,182.9427,183.6207,181.7153,182.4277,140623200
2016-10-31,182.7625,182.9856,182.2732,182.4363,61272500
2016-11-01,182.7624,182.814,179.9042,181.1145,122781800
2016-11-02,180.8054,181.1916,179.5866,180.0243,103330800
2016-11-03,180.239,180.4535,178.9257,179.2004,88939300
2016-11-04,179.3119,180.1531,178.857,179.0029,109122100
2016-11-07,179.003,182.9856,179.003,182.9512,109794900
2016-11-08,182.5564,184.3417,182.2903,183.7752,106772100
2016-11-09,182.2818,186.3416,182.256,185.7236,258429000
2016-11-10,186.5133,187.3802,184.728,186.1871,172113300
2016-11-11,185.4662,185.9983,184.8138,185.758,100552700
2016-11-14,186.2815,186.4875,185.1571,185.9039,94580000
2016-11-15,186.2901,187.3544,186.0841,187.3544,91652600
2016-11-16,186.7364,187.2343,186.6163,187.0025,65617700
2016-11-17,187.157,188.0239,187.0455,187.9639,69797200
2016-11-18,188.0326,188.2042,187.3631,187.5433,86265800
2016-11-21,188.1183,188.9852,187.9724,188.9594,72402600
2016-11-22,189.2685,189.5088,188.599,189.3286,67429000
2016-11-23,188.8136,189.4831,188.6162,189.4316,56620200
2016-11-25,189.7749,190.1697,189.6977,190.1354,37872300
2016-11-28,189.8264,190.1011,189.1398,189.2428,76572500
2016-11-29,189.2771,190.0667,188.9766,189.6118,69886700
2016-11-30,190.2298,190.3929,189.0968,189.1569,113291800
2016-12-01,189.4573,189.4573,188.1011,188.4617,79040500
2016-12-02,188.5475,189.0453,188.1956,188.5561,74840300
2016-12-05,189.3887,190.0325,189.1913,189.6891,67837800
2016-12-06,189.8779,190.3242,189.3972,190.2899,59877400
2016-12-07,190.1354,192.8391,190.0152,192.779,110738100
2016-12-08,192.7533,193.7232,192.4872,193.2511,99714400
2016-12-09,193.4742,194.4356,193.4399,194.4184,88005800
2016-12-12,194.324,194.8047,193.7747,194.1953,102016100
2016-12-13,194.8562,195.9892,194.839,195.4913,110477500
2016-12-14,195.1909,195.8947,193.4399,193.8776,142501800
2016-12-15,194.118,195.5343,193.8863,194.6759,124972600
2016-12-16,195.1327,195.1931,193.9757,194.2952,156420200
2016-12-19,194.4765,195.1413,194.3297,194.7182,90341100
2016-12-20,195.2535,195.6162,195.0204,195.4694,89838800
2016-12-21,195.3399,195.5126,194.9255,194.9255,67909000
2016-12-22,194.7787,194.8996,194.1916,194.5887,56219100
2016-12-23,194.6319,194.8823,194.442,194.8737,36697800
2016-12-27,195.1413,195.7543,195.124,195.3571,42672500
2016-12-28,195.6161,195.6334,193.6304,193.7426,64095000
2016-12-29,193.8117,194.1657,193.2591,193.6994,48696100
2016-12-30,194.0275,194.1139,192.3008,192.9915,108998300
2017-01-03,194.2951,194.9772,193.2936,194.4678,91366500
2017-01-04,194.796,195.7716,194.7873,195.6248,78744400
2017-01-05,195.3572,195.6248,194.6751,195.4694,78379000
2017-01-06,195.5816,196.635,195.0377,196.1687,71559900
2017-01-09,195.9097,196.0478,195.4866,195.5212,46939700
2017-01-10,195.5384,196.3759,195.1326,195.5212,63771900
2017-01-11,195.4348,196.0737,194.77,196.0737,74650000
2017-01-12,195.5557,195.7715,194.2261,195.5816,72113200
2017-01-13,195.7543,196.3328,195.7198,196.0306,62717900
2017-01-17,195.3917,195.7974,194.9513,195.3399,61240800
2017-01-18,195.5902,195.8147,195.0377,195.7715,54793300
2017-01-19,195.8493,195.9874,194.6146,195.0463,66608800
2017-01-20,195.7284,196.2551,195.0982,195.763,129168600
2017-01-23,195.7629,195.8234,194.4938,195.2535,75061600
2017-01-24,195.4694,196.9199,195.3571,196.5054,95555300
2017-01-25,197.4551,198.2063,197.2911,198.2063,84437700
2017-01-26,198.0595,198.3272,197.7228,197.9991,59970700
2017-01-27,198.0768,198.2236,197.507,197.6883,59711100
2017-01-30,196.9975,197.0234,195.478,196.4622,79737300
2017-01-31,195.9702,196.5055,195.4004,196.445,75880800
2017-02-01,196.445,197.3602,195.9356,196.5227,79117700
2017-02-02,196.5227,196.9372,195.832,196.6522,69657600
2017-02-03,197.5588,198.1891,197.248,198.0077,80563200
2017-02-06,197.6019,197.999,197.317,197.6537,57790100
2017-02-07,198.0423,198.284,197.4724,197.6624,57931200
2017-02-08,197.6624,198.0509,197.1184,197.9214,51566200
2017-02-09,197.9214,199.3978,197.9214,199.0956,65955200
2017-02-10,199.4409,200.1057,199.1128,199.8812,66015900
2017-02-13,200.3734,201.2281,200.3475,200.9691,55182100
2017-02-14,200.7878,201.7807,200.4424,201.772,71109000
2017-02-15,201.5562,203.0153,201.5044,202.8254,86785800
2017-02-16,202.8513,203.0326,201.9015,202.6527,84722400
2017-02-17,201.9879,202.9722,201.9707,202.9722,77204100
2017-02-21,203.3434,204.3536,203.3348,204.1809,88946100
2017-02-22,203.7751,204.224,203.611,203.9995,62115200
2017-02-23,204.5176,204.5349,203.3779,204.1377,74615900
2017-02-24,203.2916,204.4399,203.2484,204.3967,82381600
2017-02-27,204.3104,204.8889,204.06,204.7162,56515400
2017-02-28,204.3363,204.5781,203.7751,204.1637,96961900
2017-03-01,205.8213,207.4876,205.804,207.0214,149158200
2017-03-02,206.8315,206.8401,205.6659,205.7177,70246000
2017-03-03,205.6314,206.0113,205.2515,205.8472,81974300
2017-03-06,205.0529,205.5882,204.6298,205.2342,55391500
2017-03-07,204.9321,205.2861,204.414,204.6212,65103700
2017-03-08,204.9148,205.1738,204.1032,204.2413,78168800
2017-03-09,204.3622,204.8284,203.5333,204.5003,90683900
2017-03-10,205.4587,205.5018,204.2672,205.2169,81991700
2017-03-13,205.1565,205.3637,204.8284,205.3205,57256800
2017-03-14,204.7766,204.8285,203.9219,204.5349,59880800
2017-03-15,205.1047,206.7279,204.8716,206.3048,96081800
2017-03-16,206.443,206.5207,205.571,205.899,78344000
2017-03-17,206.1618,206.3525,205.5374,205.5374,89002100
2017-03-20,205.5374,205.8236,204.9218,205.312,52537000
2017-03-21,205.919,206.0404,202.5458,202.6759,131809300
2017-03-22,202.7105,203.4389,202.0862,203.1528,97569200
2017-03-23,203.1528,204.072,202.5632,202.936,100410300
2017-03-24,203.2395,203.8118,202.0081,202.7886,112504900
2017-03-27,201.115,202.8406,200.8375,202.5805,87454500
2017-03-28,202.277,204.4795,202.1643,204.0546,93483900
2017-03-29,203.7684,204.4795,203.543,204.2453,61950400
2017-03-30,204.1847,205.0952,204.0113,204.8958,56737900
2017-03-31,204.5575,205.0865,204.3667,204.4188,73733100
2017-04-03,204.4708,204.6703,202.832,204.0633,85546500
2017-04-04,203.7771,204.2801,203.3956,204.1934,56466200
2017-04-05,204.8697,205.8495,203.3782,203.5863,108800600
2017-04-06,203.7251,204.679,203.2829,204.1587,69135800
2017-04-07,203.9072,204.6442,203.4649,203.9505,74412300
2017-04-10,204.0893,204.8697,203.543,204.0719,67615300
2017-04-11,203.6904,203.9332,202.3377,203.8292,88045300
2017-04-12,203.5517,203.7425,202.7106,202.936,81864400
2017-04-13,202.5978,203.3349,201.618,201.618,92880400
2017-04-17,202.1382,203.4043,201.9388,203.4043,68405400
2017-04-18,202.6672,203.3349,202.1122,202.7972,83225800
2017-04-19,203.3609,203.7338,202.1989,202.4244,68699900
2017-04-20,203.0401,204.5142,202.7192,204.0719,92572200
2017-04-21,203.9939,204.0459,203.0227,203.4216,110389800
2017-04-24,205.6675,205.8669,203.3956,205.6588,119209900
2017-04-25,206.3005,207.2023,206.2138,206.8555,76698300
2017-04-26,206.8208,207.7053,206.682,206.7254,84702500
2017-04-27,207.0462,207.2023,206.3612,206.8988,57410300
2017-04-28,207.159,207.185,206.3178,206.4479,63532800
2017-05-01,206.9682,207.3931,206.552,206.9682,66882500
2017-05-02,207.1069,207.2283,206.6387,207.0462,57375700
2017-05-03,207.0462,207.1416,206.1184,206.7948,73137700
2017-05-04,207.0983,207.1763,206.1878,207.0376,61462700
2017-05-05,207.4104,207.87,206.9682,207.8527,62001300
2017-05-08,207.896,208.0435,207.3931,207.818,48385700
2017-05-09,208.0781,208.2775,207.2803,207.6272,51363200
2017-05-10,207.5838,208.0001,207.3757,208.0001,54293800
2017-05-11,207.5492,207.7399,206.4912,207.5752,62358300
2017-05-12,207.3237,207.6185,206.9595,207.2283,53912700
2017-05-15,207.6532,208.4944,207.6359,208.373,61918900
2017-05-16,208.6677,208.6938,207.7919,208.1821,51241800
2017-05-17,208.1822,208.1822,204.4275,204.4882,172174100
2017-05-18,204.4101,206.1618,204.15,205.312,107047700
2017-05-19,205.7976,207.3151,205.7455,206.6474,115011400
2017-05-22,207.159,207.8614,207.0896,207.6966,61010600
2017-05-23,208.0695,208.3209,207.6879,208.1562,48341700
2017-05-24,208.3903,208.7458,208.0521,208.6418,46927700
2017-05-25,209.1534,209.9165,208.9453,209.639,64071700
2017-05-26,209.4482,209.7604,209.3702,209.5956,46629900
2017-05-30,209.2748,209.665,209.1187,209.4135,35201900
2017-05-31,209.7083,209.743,208.6678,209.3615,91796000
2017-06-01,209.8211,211.0438,209.5349,211.0264,68962000
2017-06-02,211.0784,211.8848,210.7836,211.7287,88666100
2017-06-05,211.5553,211.8415,211.3732,211.5727,44698800
2017-06-06,211.0091,211.564,210.8183,210.8963,50375400
2017-06-07,211.2345,211.512,210.5668,211.2865,54144300
2017-06-08,211.382,211.8676,210.8617,211.3906,65950700
2017-06-09,211.6594,212.4572,209.8037,211.0697,132256400
2017-06-12,210.827,211.0784,210.1766,211.0264,86108100
2017-06-13,211.564,212.1103,211.2171,212.0583,60067000
2017-06-14,212.3271,212.3357,210.9657,211.7895,78602300
2017-06-15,210.4368,211.5034,210.1593,211.382,66464900
2017-06-16,211.5414,211.5936,210.548,211.4281,84553100
2017-06-19,212.2559,213.2492,212.16,213.1882,65123800
2017-06-20,212.831,212.8397,211.7331,211.7505,56906400
2017-06-21,212.1426,212.2559,211.2277,211.6982,55977600
2017-06-22,211.7069,212.2036,211.4281,211.6023,44148100
2017-06-23,211.6634,212.1862,211.28,211.8551,66986800
2017-06-26,212.526,212.9443,211.7854,211.9945,56700500
2017-06-27,211.7766,212.0729,210.2692,210.2866,82247700
2017-06-28,211.3061,212.3692,211.0708,212.1687,70042600
2017-06-29,212.3169,212.3692,209.0929,210.3041,106949700
2017-06-30,211.1144,211.4891,210.5044,210.6961,86820700
2017-07-03,211.6372,212.0729,211.0534,211.0534,39153800
2017-07-05,211.4194,211.7505,210.609,211.5414,54427600
2017-07-06,210.7746,210.8966,209.424,209.6069,65400800
2017-07-07,210.1821,211.1144,209.6157,210.9663,57972300
2017-07-10,210.9663,211.5675,210.6613,211.1928,36663300
2017-07-11,211.1928,211.3497,209.8684,211.036,50354600
2017-07-12,212.0032,212.7874,212.0032,212.6219,59610400
2017-07-13,212.6306,213.0924,212.404,212.9791,39471600
2017-07-14,212.9791,214.3298,212.8833,213.9725,60262700
2017-07-17,213.894,214.2774,213.772,213.9463,33531900
2017-07-18,213.5368,214.1119,213.1969,214.0596,42742500
2017-07-19,214.3733,215.2273,214.3646,215.2186,51034300
2017-07-20,215.4712,215.5932,214.7654,215.3144,47135200
2017-07-21,214.7393,215.1488,214.5127,215.1227,82340800
2017-07-24,215.0443,215.2098,214.5999,215.0704,46622300
2017-07-25,215.8198,215.9243,215.3667,215.5932,54915600
2017-07-26,215.8808,215.9156,215.3405,215.6019,47575400
2017-07-27,216.0638,216.0986,214.077,215.4015,70766600
2017-07-28,214.9223,215.2796,214.4692,215.1489,50088400
2017-07-31,215.5497,215.6455,214.8177,215.0269,65838700
2017-08-01,215.6281,215.6629,214.9833,215.5061,55050400
2017-08-02,215.6368,215.7501,214.6783,215.6107,47211200
2017-08-03,215.4974,215.5235,214.9136,215.1924,40856000
2017-08-04,215.6804,215.9156,215.2011,215.5845,60191800
2017-08-07,215.6542,215.9853,215.5496,215.9853,31995000
2017-08-08,215.6716,216.8915,215.0791,215.4538,61719400
2017-08-09,214.7655,215.4974,214.4082,215.4452,62632600
2017-08-10,214.6086,214.7393,212.3517,212.404,120479500
2017-08-11,212.6306,213.3103,212.3953,212.7177,74869900
2017-08-14,213.9986,215.0442,213.9637,214.8264,73291900
2017-08-15,215.2099,215.2273,214.4954,214.8003,55242700
2017-08-16,215.3231,215.7239,214.748,215.1749,56715500
2017-08-17,214.565,214.8787,211.8202,211.8202,128490400
2017-08-18,211.6547,212.7788,211.0447,211.4891,136748000
2017-08-21,211.4281,211.9161,210.7223,211.6547,65469700
2017-08-22,212.2385,214.0248,212.2211,213.8679,63140100
2017-08-23,212.9007,213.5281,212.7526,213.1012,50203800
2017-08-24,213.4845,213.6414,212.3953,212.6045,50741700
2017-08-25,213.3974,214.0161,212.953,213.1012,64445900
2017-08-28,213.6327,213.6588,212.6916,213.1099,40565600
2017-08-29,211.794,213.6152,211.6808,213.3538,51135700
2017-08-30,213.3364,214.6347,213.1534,214.3646,62030800
2017-08-31,214.9833,215.8982,214.3995,215.6542,103803900
2017-09-01,216.0289,216.3861,215.811,215.9592,62007000
2017-09-05,215.4538,215.6804,213.4409,214.4082,91398800
2017-09-06,215.0878,215.4712,214.5563,215.1401,57916900
2017-09-07,215.4451,215.4625,214.7044,215.114,58034700
2017-09-08,214.8264,215.3231,214.6173,214.8613,63832800
2017-09-11,216.1334,217.2314,216.116,217.153,71364800
2017-09-12,217.5189,217.9197,217.3359,217.8849,56896000
2017-09-13,217.5974,218.0243,217.4841,217.9895,59228000
2017-09-14,217.6671,218.1202,217.4928,217.9198,95446300
2017-09-15,217.7753,218.3007,217.6702,218.2131,95432400
2017-09-18,218.581,219.0276,218.292,218.6773,46235200
2017-09-19,218.9224,218.9838,218.5722,218.8962,47108100
2017-09-20,218.9838,219.0889,217.9767,218.975,59574100
2017-09-21,218.8174,218.9049,218.2132,218.3883,48211400
2017-09-22,218.0905,218.5984,218.0643,218.4321,51214000
2017-09-25,218.1781,218.5284,217.2411,217.9854,57064400
2017-09-26,218.4146,218.6597,217.8804,218.1168,54082000
2017-09-27,218.8173,219.3515,217.9329,218.9662,81001400
2017-09-28,218.686,219.3078,218.5984,219.2289,44778800
2017-09-29,219.2201,220.0783,219.0362,219.9995,85578000
2017-10-02,220.2272,220.954,220.0521,220.954,59023000
2017-10-03,220.954,221.4532,220.8752,221.4269,66810200
2017-10-04,221.2781,221.9348,221.1642,221.6896,55953600
2017-10-05,222.0223,223.0206,221.7246,223.0031,63522800
2017-10-06,222.5566,223.0382,222.2939,222.7492,80646000
2017-10-09,222.9769,223.0382,222.1188,222.3815,35803100
2017-10-10,222.9506,223.3447,222.4077,222.9681,43057400
2017-10-11,222.8718,223.3184,222.7054,223.3184,47674300
2017-10-12,223.0032,223.3534,222.7492,222.9856,47065100
2017-10-13,223.4235,223.5374,222.9857,223.2571,54800400
2017-10-16,223.4848,223.7475,223.1433,223.5548,38221700
2017-10-17,223.5023,223.7563,223.2834,223.7125,31561000
2017-10-18,224.089,224.1328,223.7387,223.9314,40888300
2017-10-19,223.1521,224.0278,222.7318,223.9927,61903800
2017-10-20,224.7896,225.1749,223.9752,225.1486,89176400
2017-10-23,225.4726,225.4989,224.1941,224.2729,63915300
2017-10-24,224.702,224.9034,224.3079,224.667,66935900
2017-10-25,224.3342,224.448,222.4252,223.5548,103715300
2017-10-26,224.1679,224.4393,223.7213,223.8439,69798000
2017-10-27,224.5881,225.8316,223.8526,225.674,85562500
2017-10-30,224.5882,225.5777,224.5356,224.8334,54285700
2017-10-31,225.2099,225.4376,224.8859,225.1836,60304800
2017-11-01,225.963,226.3045,225.1136,225.4814,54202700
2017-11-02,225.4113,225.709,224.343,225.5689,56449500
2017-11-03,225.7265,226.3658,225.315,226.322,59589700
2017-11-06,226.1907,226.8037,226.1206,226.6723,49652600
2017-11-07,226.7774,227.1102,226.0068,226.5147,57502200
2017-11-08,226.3395,226.9963,226.0593,226.8999,50469600
2017-11-09,225.6916,226.2695,224.4919,226.0769,95085500
2017-11-10,225.6916,226.182,225.3763,226.0068,59984700
2017-11-13,225.3238,226.4447,225.2887,226.217,50228600
2017-11-14,225.4113,225.7966,224.6319,225.6915,61315200
2017-11-15,224.7195,225.2449,223.8526,224.5619,80811500
2017-11-16,225.5076,226.8387,225.4638,226.4709,67777000
2017-11-17,226.1206,226.4446,225.7265,225.8053,75756800
2017-11-20,226.0506,226.3833,225.8054,226.1907,48075500
2017-11-21,226.9613,227.8545,226.1556,227.6706,69176800
2017-11-22,227.6793,227.8107,227.3028,227.4692,45033400
2017-11-24,227.9596,228.0997,227.8195,227.9946,27856500
2017-11-27,228.0383,228.3361,227.6793,227.8807,52274900
2017-11-28,228.3449,230.2188,228.2485,230.1926,98971700
2017-11-29,230.3239,230.8581,229.6059,230.0524,77512100
2017-11-30,230.972,232.9773,230.8932,232.0666,127894400
2017-12-01,231.8477,232.3293,228.3449,231.5849,164390900
2017-12-04,233.205,233.634,231.2522,231.3047,94040600
2017-12-05,230.4728,232.1892,230.3415,230.4728,77994500
2017-12-06,230.5691,230.9456,230.0524,230.5165,75898600
2017-12-07,231.2433,231.5586,230.2538,231.2433,77218600
2017-12-08,232.1979,232.5132,231.2084,232.5044,76563900
2017-12-11,233.205,233.2663,232.4781,233.205,83077500
2017-12-12,233.993,234.0894,233.2399,233.6165,85195800
2017-12-13,233.8618,234.2996,233.5027,233.5903,102905400
2017-12-14,233.888,234.0019,232.5832,232.6358,100666700
2017-12-15,233.64,235.0395,233.5872,234.573,144610300
2017-12-18,235.9725,236.4126,235.8669,236.0605,83653600
2017-12-19,236.3069,236.3509,235.0835,235.1539,82382900
2017-12-20,236.1221,236.1749,234.7314,235.0307,76751500
2017-12-21,235.6556,236.2277,235.2683,235.5148,67032300
2017-12-22,235.5324,235.5676,234.9162,235.4532,78720900
2017-12-26,235.0483,235.3916,234.9075,235.1715,45244400
2017-12-27,235.3387,235.6468,235.0131,235.2859,57751000
2017-12-28,235.7876,235.814,235.4003,235.77,45116100
2017-12-29,236.351,236.3686,234.6875,234.8811,96007400
2018-01-02,235.7436,236.5973,235.3563,236.5621,86655700
2018-01-03,236.7294,238.2081,236.7294,238.0584,90070400
2018-01-04,238.701,239.546,238.1201,239.0618,80636400
2018-01-05,239.8541,240.7782,239.3612,240.655,83524000
2018-01-08,240.5581,241.2535,240.2677,241.095,57319200
2018-01-09,241.5174,242.2656,241.2358,241.6407,57254000
2018-01-10,240.8838,241.5351,240.2149,241.2711,69574300
2018-01-11,241.8255,243.0314,241.6583,243.0314,62361500
2018-01-12,243.2955,244.7829,242.9962,244.6157,90816100
2018-01-16,245.8743,246.5256,243.0842,243.7795,106555100
2018-01-17,244.7124,246.4903,243.7795,246.1031,113258800
2018-01-18,245.9888,246.4112,245.1966,245.6895,100728000
2018-01-19,246.2703,246.8072,245.6894,246.8072,140920100
2018-01-22,246.596,248.814,246.5432,248.814,91322400
2018-01-23,248.8581,249.6326,248.5324,249.3422,97084700
2018-01-24,249.9847,250.5832,248.0659,249.2453,134816100
2018-01-25,250.108,250.2048,248.5589,249.351,84587300
2018-01-26,250.1872,252.282,249.9319,252.2379,107743100
2018-01-29,251.6658,252.1059,250.4072,250.5656,90118300
2018-01-30,248.7349,250.6184,247.5203,247.9956,131796400
2018-01-31,248.8492,249.3509,247.0449,248.1187,108364800
2018-02-01,247.3883,249.1398,247.045,247.8371,90102500
2018-02-02,246.5168,246.6488,242.4064,242.4416,173174800
2018-02-05,240.6813,242.7937,231.7564,232.3021,294681800
2018-02-06,228.7903,237.3807,227.6989,236.879,355026800
2018-02-07,236.3246,239.722,235.5148,235.594,167376100
2018-02-08,235.8932,236.0341,226.7219,226.7571,246449500
2018-02-09,229.5472,232.0205,222.6115,230.1634,283565300
2018-02-12,232.2141,235.0131,230.3042,233.5432,143736000
2018-02-13,232.3373,234.6698,231.7564,234.1241,81223600
2018-02-14,232.6366,237.6448,232.6278,237.2839,120735700
2018-02-15,239.0266,240.3205,236.5621,240.3116,111200300
2018-02-16,239.6868,242.3273,239.6428,240.3821,160420100
2018-02-20,239.4315,240.8749,238.0848,238.877,86369700
2018-02-21,239.3171,241.7992,237.592,237.6888,98883700
2018-02-22,238.613,240.3293,237.3279,237.9968,110511300
2018-02-23,239.2202,241.7903,238.7449,241.7903,92766400
2018-02-26,242.8641,244.6949,242.2744,244.598,86491400
2018-02-27,244.7829,245.4958,241.4823,241.5439,99099200
2018-02-28,242.6441,243.093,238.7802,239.097,121907800
2018-03-01,238.8858,240.4349,234.1241,235.6204,176855100
2018-03-02,233.948,237.3983,233.0855,236.835,139083200
2018-03-05,235.6469,240.1885,235.5412,239.5724,97307400
2018-03-06,240.5493,240.6285,238.6833,240.1796,79213200
2018-03-07,238.0144,240.4437,237.8208,240.0916,87063500
2018-03-08,240.7693,241.3767,239.7748,241.2534,66901200
2018-03-09,242.6617,245.4518,242.3448,245.4518,113625300
2018-03-12,245.7423,246.3672,244.7565,245.1437,71924800
2018-03-13,246.3056,246.8073,242.9522,243.5595,91968900
2018-03-14,244.5189,244.7037,241.7552,242.3097,105895100
2018-03-15,242.8202,243.4627,241.5439,242.0456,83433000
2018-03-16,242.5732,243.3597,242.2551,242.3081,100343700
2018-03-19,241.5569,242.4848,237.377,239.0295,109208400
2018-03-20,239.4272,240.0723,238.7556,239.4361,59757300
2018-03-21,239.3919,241.4863,238.7645,238.9766,78709600
2018-03-22,236.7496,237.598,232.7288,233.0028,148785900
2018-03-23,233.4446,233.7716,227.842,228.0364,183534800
2018-03-26,231.6419,234.5581,229.2382,234.2753,141956100
2018-03-27,235.212,235.7422,228.7345,230.2898,129941400
2018-03-28,230.4224,232.0926,228.5048,229.6094,146452300
2018-03-29,230.7493,234.4078,229.6182,232.5432,111601600
2018-04-02,232.0131,232.5256,225.0496,227.5239,186286300
2018-04-03,228.7611,230.9173,226.9672,230.4401,119956900
2018-04-04,226.8877,233.6126,226.7551,232.9056,123715300
2018-04-05,234.6642,235.6274,233.5772,234.7437,82652600
2018-04-06,232.7818,234.2753,227.9922,229.5122,179521200
2018-04-09,230.9703,234.0367,229.7066,230.6433,105442900
2018-04-10,233.533,235.0971,232.393,234.3106,103529000
2018-04-11,232.826,234.7436,232.7553,233.0823,91140200
2018-04-12,234.4079,235.9455,234.2311,234.9999,68890500
2018-04-13,236.3078,236.4227,233.3032,234.3106,85079200
2018-04-16,235.9455,237.0059,235.1236,236.2371,63405300
2018-04-17,238.0045,239.3654,237.492,238.7645,64682000
2018-04-18,239.2063,239.7453,238.4816,238.9412,57303900
2018-04-19,238.2873,238.4905,236.5817,237.6157,77655900
2018-04-20,237.545,237.7659,234.7172,235.6008,99953100
2018-04-23,236.1752,236.7319,234.4873,235.5654,65558000
2018-04-24,236.5906,236.8115,230.8908,232.3931,112885500
2018-04-25,232.3313,233.4094,230.5109,232.9675,103840900
2018-04-26,233.9925,236.1664,233.5507,235.3357,67731900
2018-04-27,235.9455,236.2459,234.6199,235.5567,57053600
2018-04-30,236.1752,236.732,233.6744,233.7451,82182300
2018-05-01,233.1795,234.2664,231.6242,234.1604,74203400
2018-05-02,233.9661,234.779,232.1987,232.5875,86368900
2018-05-03,231.7568,232.7288,228.9201,232.0749,136311500
2018-05-04,231.1029,235.7599,230.7759,235.0795,91222100
2018-05-07,235.8483,236.8469,235.159,235.8748,55304900
2018-05-08,235.5037,236.2371,234.3107,235.8748,67499200
2018-05-09,236.5464,238.4816,236.025,238.1547,59666100
2018-05-10,238.897,240.7086,238.791,240.3816,72063900
2018-05-11,240.5054,241.3802,239.9928,241.1151,59871500
2018-05-14,241.5481,242.2021,240.6821,241.23,54790600
2018-05-15,240.0016,240.0193,238.623,239.5686,87036100
2018-05-16,239.604,241.0355,239.5774,240.576,53942600
2018-05-17,240.3109,241.4509,239.5952,240.3728,56536400
2018-05-18,240.0282,240.3905,239.4184,239.7719,64368000
2018-05-21,241.2565,242.1137,240.8677,241.5746,58025900
2018-05-22,242.0959,242.3522,240.576,240.903,52966400
2018-05-23,239.6305,241.5923,239.4715,241.5658,64694200
2018-05-24,241.1681,241.442,239.2858,241.0708,76043800
2018-05-25,240.4965,241.1239,239.9928,240.4965,56374800
2018-05-29,238.8705,239.6305,236.6171,237.7306,115908600
2018-05-30,239.0384,241.3448,238.9677,240.903,69678400
2018-05-31,240.4965,240.7969,238.8263,239.4272,93519900
2018-06-01,240.7263,242.0783,240.6555,241.7778,71258400
2018-06-04,242.5997,243.183,242.3611,242.9267,45385200
2018-06-05,243.0592,243.4834,242.2904,243.1034,51135000
2018-06-06,243.7131,245.2419,243.0945,245.1359,62732200
2018-06-07,245.6219,245.9135,244.1992,245.1094,72969400
2018-06-08,244.6498,245.887,244.4819,245.834,72139700
2018-06-11,246.0549,246.8767,245.94,246.1609,58892500
2018-06-12,246.5763,246.8414,245.834,246.4791,72329000
2018-06-13,246.7177,246.974,245.4894,245.6926,79070600
2018-06-14,246.5587,246.8414,245.7191,246.3112,77097600
2018-06-15,245.5265,246.3343,244.4169,245.997,120041600
2018-06-18,244.5412,245.6153,244.0619,245.491,52917600
2018-06-19,243.2186,244.772,242.8014,244.55,97531500
2018-06-20,245.2336,245.633,244.63,244.9673,53785500
2018-06-21,244.9584,244.9761,242.9345,243.4316,71061400
2018-06-22,244.6921,244.8075,243.6536,243.8755,54898500
2018-06-25,242.7215,242.8813,238.8691,240.5556,137854200
2018-06-26,241.1237,241.9404,240.3692,241.0882,68547400
2018-06-27,241.6741,243.1032,238.9401,239.091,105110700
2018-06-28,239.0377,241.2213,238.3276,240.458,76650500
2018-06-29,241.5498,242.9168,240.6887,240.8041,97592500
2018-07-02,239.233,241.4787,238.9933,241.3189,63554800
2018-07-03,242.2155,242.3132,240.0408,240.4668,42187100
2018-07-05,241.5942,242.4907,240.5201,242.4286,56925900
2018-07-06,242.4552,244.8518,242.0734,244.479,66493700
2018-07-09,245.482,246.7336,245.4377,246.6804,50550400
2018-07-10,247.1331,247.6657,246.8401,247.568,51966800
2018-07-11,246.0147,246.8048,245.4555,245.7573,77054700
2018-07-12,247.0178,248.0386,246.4142,247.9853,60124700
2018-07-13,247.8078,248.4824,247.3551,248.1806,48216000
2018-07-16,248.225,248.367,247.5149,247.9587,48201000
2018-07-17,247.1864,249.3523,247.1331,248.9617,52315500
2018-07-18,249.0416,249.592,248.5978,249.4854,44593500
2018-07-19,248.8197,249.2014,248.0652,248.5446,61412100
2018-07-20,248.3404,248.9706,248.1007,248.2605,82337700
2018-07-23,248.0564,248.9263,247.7102,248.7221,47047600
2018-07-24,250.1334,250.8169,249.1037,249.9736,68026900
2018-07-25,249.7251,252.4236,249.6807,252.104,78882900
2018-07-26,251.3851,252.1928,251.2874,251.5093,57919500
2018-07-27,251.8377,251.9354,248.8818,249.805,76768700
2018-07-30,249.8848,250.0446,247.9763,248.5001,63742500
2018-07-31,249.2636,250.3377,248.8819,249.7252,68570500
2018-08-01,249.9292,250.4352,248.6599,249.3079,53853300
2018-08-02,248.0031,250.8347,247.7989,250.6661,63426400
2018-08-03,250.7902,251.7933,250.6127,251.7401,53935400
2018-08-06,251.7756,252.9739,251.385,252.6633,39400900
2018-08-07,253.329,253.8794,253.1958,253.4977,43196600
2018-08-08,253.3291,253.7907,252.9297,253.3913,42114600
2018-08-09,253.4532,253.8437,252.9117,253.0448,35717000
2018-08-10,251.607,252.1484,250.6394,251.3495,77076000
2018-08-13,251.6248,252.2373,250.1157,250.4087,65732900
2018-08-14,251.1365,252.2461,250.7459,252.0064,43842000
2018-08-15,250.6573,250.7993,248.6866,250.1246,102925400
2018-08-16,251.5626,253.0184,251.5271,252.1484,69967900
2018-08-17,251.9442,253.4798,251.5358,253.036,65618500
2018-08-20,253.4888,253.8438,253.0361,253.5775,39807500
2018-08-21,254.0924,255.0333,253.613,254.1723,67272000
2018-08-22,253.764,254.5451,253.4977,254.0214,44993300
2018-08-23,253.8437,254.7048,253.3644,253.684,49204900
2018-08-24,254.261,255.3528,254.2078,255.2108,57487400
2018-08-27,256.4092,257.3323,256.2494,257.2258,57072400
2018-08-28,257.6874,257.7939,256.8885,257.3501,46943500
2018-08-29,257.5632,258.9657,257.3235,258.7349,61485500
2018-08-30,258.2556,258.6284,257.0927,257.6874,61229500
2018-08-31,257.2791,258.1401,256.7909,257.6963,66140800
2018-09-04,257.2791,257.6076,256.2494,257.2525,57594400
2018-09-05,256.8974,257.1016,255.5482,256.5601,72452400
2018-09-06,256.6666,256.9684,254.7582,255.7879,65909900
2018-09-07,254.7405,256.2673,254.5008,255.2908,73524800
2018-09-10,256.3026,256.5689,255.5393,255.7345,50210900
2018-09-11,255.0865,257.0216,254.7404,256.5778,50530500
2018-09-12,256.5867,257.2435,255.8499,256.6399,59810800
2018-09-13,257.7052,258.3443,257.4212,258.1579,51034200
2018-09-14,258.362,258.5484,257.4211,258.2023,55079900
2018-09-17,258.149,258.1845,256.5601,256.8353,68244000
2018-09-18,257.0483,258.8236,257.0217,258.2289,61930400
2018-09-19,258.2822,258.9213,258.1579,258.5041,49080600
2018-09-20,259.7645,260.9185,258.5218,260.5989,100360600
2018-09-21,261.3417,261.4576,260.2003,260.3608,105479700
2018-09-24,259.7813,259.9239,258.9163,259.4959,53409600
2018-09-25,259.9506,260.0576,259.0144,259.2551,44370000
2018-09-26,259.3978,260.5837,258.0603,258.4794,79739700
2018-09-27,258.952,260.2895,258.6756,259.2017,59249500
2018-09-28,258.5775,259.7277,258.5418,259.2284,70091400
2018-10-01,260.4678,261.199,259.4603,260.129,62078900
2018-10-02,259.9774,260.6907,259.6029,259.9774,47258200
2018-10-03,261.0296,261.4487,259.7635,260.1201,64694600
2018-10-04,259.6386,259.6921,256.4999,258.0871,111545900
2018-10-05,258.31,258.8271,255.2159,256.6425,105951700
2018-10-08,255.9559,256.9992,254.5738,256.6425,87742200
2018-10-09,256.2591,257.5699,255.7063,256.268,74339000
2018-10-10,255.7598,255.8311,247.7793,248.1538,214731000
2018-10-11,247.0659,248.6888,241.0738,242.6878,274840500
2018-10-12,246.7895,247.0749,242.8661,246.0584,183186500
2018-10-15,245.7016,247.0302,244.587,244.6762,102263700
2018-10-16,246.6379,250.4008,246.1653,250.0263,118255800
2018-10-17,250.062,250.6951,247.4939,250.0709,110626000
2018-10-18,249.1346,249.7321,245.1845,246.4596,134557500
2018-10-19,247.1105,249.0454,245.6303,246.3258,139901600
2018-10-22,246.9947,247.3157,244.6853,245.2203,82415800
2018-10-23,241.6001,245.0954,239.5135,243.9719,146352700
2018-10-24,243.7221,244.1056,236.027,236.5798,177806700
2018-10-25,238.4167,242.3668,237.3913,240.8242,138061500
2018-10-26,237.1148,241.6445,233.878,236.5887,201574600
2018-10-29,239.6828,240.9758,231.7023,235.2779,160749100
2018-10-30,235.1086,239.0765,234.6181,238.7644,157116000
2018-10-31,241.3325,243.633,240.8599,241.3147,128296300
2018-11-01,242.1796,244.0789,241.0917,243.8827,99495000
2018-11-02,244.9883,245.4164,240.3873,242.4382,122634100
2018-11-05,242.9285,244.3285,241.9566,243.7756,65622500
2018-11-06,243.7132,245.4787,243.6508,245.3182,60085900
2018-11-07,247.494,250.6505,247.0659,250.5703,102752100
2018-11-08,249.7677,250.7575,248.9741,250.1155,65584900
2018-11-09,248.8047,248.992,246.2634,247.6723,98812600
2018-11-12,247.1641,247.4048,242.5273,243.0445,99673600
2018-11-13,243.5082,245.5055,241.8675,242.5898,98176600
2018-11-14,244.4623,244.8635,239.3708,240.9313,125335900
2018-11-15,239.665,243.9094,238.0868,243.4457,135101400
2018-11-16,242.349,244.9884,241.8318,244.0789,126668000
2018-11-19,243.4725,243.7667,239.0319,239.9503,103061700
2018-11-20,236.6155,238.0779,234.6449,235.5098,136021300
2018-11-21,237.0613,238.2116,236.3034,236.3123,75563700
2018-11-23,234.6716,236.134,234.5736,234.7341,42807900
2018-11-26,236.99,238.7466,236.5977,238.5237,79981400
2018-11-27,237.4893,239.3262,236.883,239.3262,75502400
2018-11-28,240.3963,244.8368,239.2638,244.8368,127629600
2018-11-29,244.0609,245.7016,242.9196,244.3017,82346400
2018-11-30,244.1501,246.3526,243.8291,245.7908,98204200
2018-12-03,249.9193,250.0263,247.4494,249.0455,103176300
2018-12-04,248.2162,248.6442,240.6637,240.9758,177986000
2018-12-06,237.1148,240.7261,234.0117,240.6101,204185400
2018-12-07,240.2714,241.8408,234.1813,235.0195,161018900
2018-12-10,234.8411,236.4372,230.6056,235.4653,151445900
2018-12-11,238.6664,238.8536,234.0475,235.5188,121504400
2018-12-12,238.4969,239.8611,236.6243,236.7046,97976700
2018-12-13,237.6498,238.5147,235.5098,236.6244,96662700
2018-12-14,234.4755,235.4296,231.7024,232.2552,116961100
2018-12-17,231.3011,232.4157,226.067,227.6987,165492300
2018-12-18,229.3394,230.0082,225.844,227.449,134515100
2018-12-19,227.5293,231.3011,222.3398,224.0429,214992800
2018-12-20,222.7945,224.3639,218.1489,220.3959,252053400
2018-12-21,221.2972,223.961,215.2343,215.8801,255345600
2018-12-24,214.3913,216.0057,210.1131,210.1759,147311600
2018-12-26,211.6378,220.795,209.6557,220.795,218485400
2018-12-27,217.5572,222.6874,214.3195,222.4901,186267300
2018-12-28,223.8444,225.4767,221.0371,222.2031,153100200
2018-12-31,223.8265,224.3915,221.952,224.1494,144299400
2019-01-02,220.6156,225.3063,220.5887,224.3825,126925200
2019-01-03,222.6336,222.9385,218.5438,219.0281,144140700
2019-01-04,222.0596,227.0104,221.6829,226.3647,142628800
2019-01-07,226.6337,229.5576,225.7369,228.1495,103139100
2019-01-08,230.3379,230.7773,227.8086,230.293,102512600
2019-01-09,231.0015,232.2123,229.7728,231.3693,95006600
2019-01-10,229.8356,232.4366,229.154,232.1855,96823900
2019-01-11,231.1091,232.302,230.5262,232.2751,73858100
2019-01-14,230.3737,231.6653,229.9702,230.8581,70908200
2019-01-15,231.2347,233.8177,231.2257,233.5038,85208300
2019-01-16,233.9343,234.9568,233.7281,234.0689,77636700
2019-01-17,233.199,236.7058,233.1541,235.8448,96118400
2019-01-18,237.6565,239.4502,235.8806,238.9838,127900300
2019-01-22,237.5129,237.7281,234.1406,235.755,115531200
2019-01-23,236.7865,237.486,233.7819,236.2483,86030300
2019-01-24,236.069,236.9569,235.0555,236.3739,59204100
2019-01-25,238.2214,239.1991,236.4725,238.3739,96883400
2019-01-28,236.2304,236.625,234.7953,236.5622,85613700
2019-01-29,236.7057,237.2708,235.4142,236.2483,66136300
2019-01-30,237.7641,240.8314,237.0017,239.9883,92473700
2019-01-31,239.9255,242.5803,239.7103,242.096,104012100
2019-02-01,242.2933,243.2351,241.4234,242.2126,85782500
2019-02-04,242.2575,243.9795,241.5848,243.9167,60744800
2019-02-05,244.3472,245.2441,243.845,244.9392,79552800
2019-02-06,244.6611,245.1544,243.8808,244.6163,58347800
2019-02-07,243.0019,243.549,240.6252,242.2844,95482000
2019-02-08,241.0377,242.679,240.2126,242.5804,75788900
2019-02-11,243.2351,243.4952,242.1857,242.7149,68021400
2019-02-12,244.3292,246.2127,244.2575,245.836,72270200
2019-02-13,246.6701,247.4773,246.2486,246.6342,65277200
2019-02-14,245.549,247.2172,244.7328,246.0871,83234400
2019-02-15,247.8628,248.8046,247.6566,248.7687,97088700
2019-02-19,247.9706,249.854,247.9616,249.1993,59120800
2019-02-20,249.1634,250.159,248.6611,249.7015,76610800
2019-02-21,249.0649,249.4236,247.8541,248.8138,64214700
2019-02-22,249.4325,250.5536,248.7957,250.3563,78114600
2019-02-25,251.7824,252.3026,250.6164,250.6971,69030700
2019-02-26,250.3473,251.3967,250.141,250.5177,56844100
2019-02-27,249.8002,250.7598,248.8674,250.4101,56921600
2019-02-28,250.1949,250.6344,249.6209,249.9438,69268300
2019-03-01,251.5223,251.9169,250.0694,251.5044,78880500
2019-03-04,252.5626,252.8048,248.2935,250.5895,106494600
2019-03-05,250.715,250.9123,249.7015,250.2486,59114600
2019-03-06,250.3653,250.3742,248.4101,248.7329,75039800
2019-03-07,248.2846,248.4281,245.8092,246.6523,94885100
2019-03-08,244.7956,246.3293,244.3293,246.1589,85795800
2019-03-11,246.8764,249.8899,246.8494,249.7284,65098900
2019-03-12,250.2845,251.1904,250.0962,250.6702,79667500
2019-03-13,251.5581,253.2622,251.3966,252.3294,80639200
2019-03-14,252.3564,252.7779,251.7286,252.168,67518400
2019-03-15,252.7202,254.2246,252.531,253.4138,81309000
2019-03-18,253.63,254.63,253.4048,254.3327,62199800
2019-03-19,255.3957,256.1614,253.5039,254.3958,90268100
2019-03-20,254.1796,255.3867,252.5221,253.6301,84609200
2019-03-21,252.8103,256.9001,252.7653,256.4948,79550400
2019-03-22,255.1345,255.657,251.4951,251.5582,122659300
2019-03-25,251.2158,252.4049,250.1078,251.369,85575200
2019-03-26,253.1256,254.1976,251.8374,253.2427,68125900
2019-03-27,253.2337,253.8193,250.3691,251.9185,72224700
2019-03-28,252.5491,253.3238,251.3961,252.8734,56238500
2019-03-29,254.3867,254.7921,253.2607,254.4678,82186800
2019-04-01,256.4677,257.7829,256.1974,257.4856,77617900
2019-04-02,257.6748,257.846,256.819,257.6118,40070400
2019-04-03,258.8279,259.2243,257.4136,258.0172,68243200
2019-04-04,258.3414,258.9539,257.6477,258.7017,48997500
2019-04-05,259.3684,260.008,259.0802,259.954,58621700
2019-04-08,259.5305,260.2602,258.8729,260.1521,53566300
2019-04-09,259.1882,259.5125,258.2694,258.8188,66142300
2019-04-10,259.2332,259.7918,258.8189,259.7017,52601500
2019-04-11,260.1881,260.1971,259.0621,259.6296,55093100
2019-04-12,261.2422,261.6656,259.6747,261.3863,69727800
2019-04-15,261.4584,261.5575,260.4134,261.2152,49596700
2019-04-16,262.098,262.152,260.7918,261.3863,52153200
2019-04-17,262.5033,262.5303,260.3322,260.7466,58268300
2019-04-18,261.3322,261.5303,260.0349,261.2601,68708500
2019-04-22,260.4944,261.6385,260.4043,261.4853,40160100
2019-04-23,261.8547,264.0707,261.6205,263.8365,52246600
2019-04-24,263.7555,264.0888,263.1069,263.251,50392900
2019-04-25,263.1518,263.7464,261.8997,263.0888,57770900
2019-04-26,263.1339,264.386,262.3591,264.314,50916400
2019-04-29,264.4041,265.2509,264.314,264.7284,57197700
2019-04-30,264.386,265.1517,262.9717,264.8634,81111700
2019-05-01,265.4941,265.7013,262.8637,262.8727,71671900
2019-05-02,262.7555,263.6744,260.8097,262.3051,65030200
2019-05-03,263.7825,265.1517,262.4132,264.8725,56543700
2019-05-06,260.5665,264.2238,260.2512,263.7824,107198100
2019-05-07,261.3773,261.9718,257.4676,259.3774,144729900
2019-05-08,259.0171,260.7287,258.4226,259.0171,91568300
2019-05-09,256.9452,258.8369,255.2065,258.2333,103471100
2019-05-10,257.2965,260.2872,254.3057,259.5305,112429300
2019-05-13,254.4139,255.3777,252.1708,253.0085,127290500
2019-05-14,254.0265,256.8281,253.9004,255.2966,77003200
2019-05-15,253.6661,257.4316,253.4589,256.792,73956400
2019-05-16,257.4946,260.5304,257.4226,259.1702,76749600
2019-05-17,256.8641,259.981,256.8461,257.4947,100353000
2019-05-20,255.8912,257.6028,255.0444,255.7921,62877600
2019-05-21,257.4857,258.4766,257.2334,258.0983,46847100
2019-05-22,257.1433,258.2604,256.828,257.3055,49482500
2019-05-23,255.0804,255.1254,252.7473,254.1616,98733800
2019-05-24,255.6028,256.0172,254.1165,254.738,55268100
2019-05-28,255.0174,255.9723,252.3509,252.3689,70029400
2019-05-29,251.2518,251.6572,249.27,250.6753,104972900
2019-05-30,251.4319,252.2697,250.2609,251.3599,62523800
2019-05-31,248.8105,249.6393,247.9457,247.9727,86862800
2019-06-03,248.0089,249.1259,246.0091,247.3423,96428000
2019-06-04,249.6393,252.8463,249.1889,252.7112,77231900
2019-06-05,254.3326,254.9272,252.522,254.9002,71169700
2019-06-06,255.1975,257.2334,254.5489,256.5578,69430400
2019-06-07,257.5757,260.2062,257.4046,259.1252,74272200
2019-06-10,260.6747,261.9809,260.2242,260.3143,60799100
2019-06-11,262.134,262.5033,259.6026,260.2512,58641300
2019-06-12,260.017,260.5755,259.2783,259.7918,47096300
2019-06-13,260.7017,261.2242,259.999,260.8638,48945200
2019-06-14,260.5755,261.179,259.8098,260.5755,52324700
2019-06-17,260.8097,261.4403,260.5034,260.6746,39205700
2019-06-18,262.4943,264.4581,262.1339,263.4041,85434800
2019-06-19,263.5393,264.5302,262.5664,263.9987,78674400
2019-06-20,266.683,266.9263,264.0616,266.5209,116570000
2019-06-21,266.2513,267.5095,265.9164,266.1336,83309500
2019-06-24,266.3418,266.6586,265.6538,265.8077,47582700
2019-06-25,265.8621,265.8892,263.0921,263.2007,82028700
2019-06-26,264.0968,264.6038,262.8295,262.9382,51584900
2019-06-27,263.6986,264.3775,263.3184,263.8706,40355200
2019-06-28,264.8482,265.7262,264.3322,265.2284,59350900
2019-07-01,268.5595,268.7768,266.4322,267.6362,78705600
2019-07-02,267.5909,268.3875,266.7491,268.3332,61504500
2019-07-03,269.0122,270.4967,268.8673,270.4786,40898900
2019-07-05,269.2475,270.3338,267.953,270.1708,51677300
2019-07-08,268.8583,269.9899,268.1432,268.6863,45841800
2019-07-09,267.5276,269.3199,267.4733,269.0212,41101300
2019-07-10,270.0894,271.2572,269.5554,270.3067,58448500
2019-07-11,270.9493,271.1846,269.9354,270.9402,50826100
2019-07-12,271.4291,272.2257,271.1214,272.1533,40326000
2019-07-15,272.5878,272.5878,271.7369,272.2438,33900000
2019-07-16,272.1533,272.3615,271.058,271.3657,36650100
2019-07-17,271.3386,271.5016,269.5191,269.5191,36036300
2019-07-18,269.0213,270.886,268.5777,270.5058,51392600
2019-07-19,271.6011,271.6282,268.8311,269.0031,58678600
2019-07-22,269.4013,270.207,268.8853,269.6638,43638100
2019-07-23,270.7864,271.592,269.9536,271.592,44564500
2019-07-24,270.8316,272.8684,270.7411,272.8684,47213200
2019-07-25,272.4158,272.4701,270.7593,271.5649,55394100
2019-07-26,272.2528,273.5835,272.1261,273.3843,45084100
2019-07-29,273.2667,273.3844,272.3343,272.8865,38126500
2019-07-30,271.4834,272.624,271.1032,272.2166,45849000
2019-07-31,272.4611,272.6512,267.2199,269.2385,104245200
2019-08-01,269.3924,272.3524,266.0974,266.894,142646600
2019-08-02,265.9978,266.2422,263.3274,264.8844,116749700
2019-08-05,260.7837,260.8923,255.0175,256.9185,178745400
2019-08-06,258.8103,260.7384,257.3348,260.5212,120711700
2019-08-07,257.4435,261.4446,255.3072,260.6752,140572300
2019-08-08,262.1687,265.7896,261.6166,265.7896,87713900
2019-08-09,264.8483,265.4457,262.196,263.9793,93730000
2019-08-12,262.4765,263.9701,259.8152,260.7657,65527600
2019-08-13,260.4669,266.2694,260.1229,264.821,94299800
2019-08-14,260.7656,261.3721,256.8641,256.9908,135622100
2019-08-15,257.878,258.566,255.624,257.6698,99556600
2019-08-16,259.3264,261.9062,257.7241,261.4717,83018300
2019-08-19,264.4952,265.3009,263.8163,264.6219,53571800
2019-08-20,264.115,264.649,262.4675,262.5942,51596400
2019-08-21,264.7576,265.1016,264.0696,264.7304,49524700
2019-08-22,265.4366,266.0702,262.8748,264.649,51666400
2019-08-23,263.3456,265.0112,256.6017,257.8509,149161500
2019-08-26,260.0415,260.7023,258.5117,260.7023,72423800
2019-08-27,262.0963,262.4674,258.919,259.6794,66668900
2019-08-28,259.0186,261.6708,258.2129,261.5079,59696700
2019-08-29,264.0696,265.3732,263.0648,264.8481,57899400
2019-08-30,266.3327,266.3508,263.7981,264.7304,62901200
2019-09-03,263.0287,263.943,261.8519,263.1826,69101400
2019-09-04,265.3551,266.1879,264.6038,266.1698,46887300
2019-09-05,268.6591,270.5057,266.1336,269.5915,83258100
2019-09-06,269.9084,270.4425,269.2295,269.7997,49584300
2019-09-09,270.7865,270.877,268.9941,269.9356,51260300
2019-09-10,269.1751,269.9355,267.9169,269.8722,57947100
2019-09-11,270.1799,271.8727,269.5282,271.7912,68821100
2019-09-12,272.6963,273.7916,271.9359,272.7325,72908700
2019-09-13,273.1761,273.5292,272.1804,272.5515,62104800
2019-09-16,271.4201,272.5969,271.0671,271.7098,58191200
2019-09-17,271.5106,272.4882,271.3386,272.3977,41475500
2019-09-18,272.0084,272.6692,269.9717,272.5606,73375800
2019-09-19,272.9498,273.9456,272.2075,272.5424,76560500
2019-09-20,273.1464,273.4284,270.4637,271.2549,89565000
2019-09-23,270.591,271.9096,270.3363,271.1912,43476800
2019-09-24,272.2824,272.6734,268.0992,269.0631,94869400
2019-09-25,269.145,271.1002,267.6626,270.6546,71854000
2019-09-26,270.6637,270.8729,268.6813,270.0908,56179700
2019-09-27,270.8455,270.9547,267.0806,268.6357,84746600
2019-09-30,269.1542,270.591,269.1087,269.8817,51662400
2019-10-01,270.7637,271.4185,266.4532,266.6714,88242400
2019-10-02,265.0891,265.0982,260.6694,261.9608,122539500
2019-10-03,261.7335,264.1343,259.0144,264.107,85278800
2019-10-04,264.7618,267.9355,264.7072,267.6809,65091200
2019-10-07,266.8807,268.5085,266.2441,266.526,59610500
2019-10-08,264.6707,265.4074,262.3518,262.3882,95708100
2019-10-09,264.4071,265.8167,263.7796,264.88,62359400
2019-10-10,264.7981,267.5535,264.6344,266.6714,55296300
2019-10-11,269.4268,271.6731,269.3086,269.4359,98720400
2019-10-14,269.1177,269.7907,268.7904,269.1359,40394800
2019-10-15,270.1817,272.5462,270.0635,271.8004,46754500
2019-10-16,271.3367,272.0552,270.9275,271.364,48928200
2019-10-17,272.528,273.0372,271.4731,272.1642,45736600
2019-10-18,271.6277,272.2734,270.1181,270.9729,64304000
2019-10-21,272.2915,273.0099,271.855,272.8099,39048600
2019-10-22,273.3465,273.6375,271.8278,271.9187,48594700
2019-10-23,271.664,272.7644,271.4549,272.7098,34352200
2019-10-24,273.6466,273.7921,272.3279,273.1555,35453100
2019-10-25,272.5825,274.8197,272.528,274.274,45205400
2019-10-28,275.4926,276.3202,275.4654,275.82,42147000
2019-10-29,275.5472,276.6658,275.4199,275.7382,44284900
2019-10-30,275.9382,276.9568,274.6287,276.5839,49643900
2019-10-31,276.5747,276.5747,274.3922,275.8472,69053800
2019-11-01,277.2932,278.4482,277.1295,278.4027,71141500
2019-11-04,279.9577,280.0941,279.1484,279.5212,60606900
2019-11-05,279.7213,280.0214,278.921,279.212,42933200
2019-11-06,279.212,279.5485,278.3299,279.2757,46487100
2019-11-07,280.6125,281.5946,279.7849,280.2578,54272300
2019-11-08,279.9123,281.0036,279.2121,280.9491,49032100
2019-11-11,279.5667,280.5853,279.4303,280.4125,35797300
2019-11-12,280.7762,281.9038,280.2305,281.0035,46484600
2019-11-13,280.0124,281.4947,279.785,281.0945,53917700
2019-11-14,280.8125,281.5855,280.176,281.5037,51219900
2019-11-15,282.8405,283.5862,282.1493,283.5407,62023600
2019-11-18,283.3043,283.9864,282.8496,283.7499,49228000
2019-11-19,284.3501,284.3592,283.0224,283.6681,67804700
2019-11-20,283.077,283.5954,281.0581,282.6132,79406200
2019-11-21,282.7223,282.8315,281.3582,282.1585,54664700
2019-11-22,282.9042,283.0406,281.7766,282.786,44850200
2019-11-25,283.7135,284.9775,283.7135,284.9775,48647200
2019-11-26,285.014,285.8052,284.6957,285.6233,37569000
2019-11-27,286.1053,286.8965,285.8871,286.8965,44444600
2019-11-29,286.3326,286.5781,285.6051,285.8324,36592700
2019-12-02,286.087,286.1506,282.9768,283.4043,75767800
2019-12-03,280.6852,281.5855,279.3029,281.5037,73941700
2019-12-04,282.5496,283.8409,282.204,283.2407,49080000
2019-12-05,283.9409,283.9591,282.4404,283.7499,40709000
2019-12-06,285.6597,286.7418,285.6506,286.3417,48927000
2019-12-09,285.9507,286.6236,285.3686,285.4414,34838500
2019-12-10,285.3869,286.0507,284.4684,285.1232,52649800
2019-12-11,285.5778,286.1872,285.0413,285.9325,53429100
2019-12-12,285.9416,289.179,285.7052,288.397,96389600
2019-12-13,288.1605,289.7974,287.3875,288.5697,81503900
2019-12-16,290.2976,291.1433,288.506,290.5522,82749700
2019-12-17,290.9341,291.2342,290.534,290.6158,61097700
2019-12-18,291.0069,291.2343,290.5795,290.6341,48133000
2019-12-19,290.825,291.8981,290.5703,291.8253,85310500
2019-12-20,292.858,294.238,291.8802,293.1048,147142100
2019-12-23,293.8906,293.9454,293.4063,293.5525,52990000
2019-12-24,293.781,293.8267,293.2601,293.5617,20270000
2019-12-26,293.9455,295.1336,293.9364,295.1244,30911200
2019-12-27,295.8554,295.9103,294.5212,295.0512,42528800
2019-12-30,295.1335,295.2706,292.9402,293.4246,49729100
2019-12-31,292.922,294.3842,292.5747,294.1374,57077300
2020-01-02,295.6728,296.9065,294.7497,296.8882,59151200
2020-01-03,293.4977,295.7641,293.4429,294.6401,77709700
2020-01-06,292.8854,295.8463,292.7666,295.7641,55653900
2020-01-07,295.1976,295.6728,294.4848,294.9326,40496400
2020-01-08,295.1244,297.7198,294.8777,296.5044,68296000
2020-01-09,298.0671,298.588,297.4822,298.5149,48473300
2020-01-10,299.0997,299.2551,297.1898,297.6558,53029300
2020-01-13,298.2772,299.712,297.8477,299.7029,47086800
2020-01-14,299.2642,300.3152,298.6885,299.246,62832800
2020-01-15,299.1546,300.6807,299.0724,299.9222,72056600
2020-01-16,301.3022,302.4171,301.0737,302.4171,54050300
2020-01-17,303.1299,303.5685,302.3531,303.3584,95846000
2020-01-21,302.3988,303.5686,302.3257,302.7644,77742400
2020-01-22,303.6234,304.2722,302.6456,302.8009,48914900
2020-01-23,302.152,303.5594,301.0371,303.1481,51963000
2020-01-24,303.8061,303.8883,299.1636,300.4522,87578400
2020-01-27,295.2067,297.1166,294.8685,295.6362,84062500
2020-01-28,297.0619,299.6116,295.7276,298.7343,63834000
2020-01-29,300.0958,300.3243,298.2864,298.4874,53888900
2020-01-30,296.4221,299.6664,295.6728,299.4562,75491800
2020-01-31,298.8347,298.9901,293.1048,294.0186,113845600
2020-02-03,295.4991,298.0671,295.3803,296.2028,69083000
2020-02-04,299.8126,301.5855,299.4927,300.7173,62573200
2020-02-05,303.6508,304.4002,302.1886,304.19,65951100
2020-02-06,305.1496,305.4054,304.1351,305.2135,50359700
2020-02-07,304.1534,305.2227,303.0385,303.5869,64139400
2020-02-10,302.7004,305.9172,302.6639,305.8532,42070000
2020-02-11,307.2057,307.9916,305.8532,306.3832,54864500
2020-02-12,307.8181,308.5675,307.4526,308.3573,43992700
2020-02-13,306.9316,308.9969,306.6574,308.0282,54501900
2020-02-14,308.4395,308.6406,307.2423,308.5218,64582200
2020-02-18,307.5256,308.5857,306.3376,307.7267,57226200
2020-02-19,308.6953,309.8742,308.412,309.1979,48814700
2020-02-20,308.6497,309.4722,304.9394,307.9278,74163400
2020-02-21,306.5752,306.886,303.9341,304.7567,113788200
2020-02-24,295.3072,304.8297,293.5709,294.6493,161088400
2020-02-25,296.0382,296.6505,284.8433,285.7206,218913200
2020-02-26,287.1189,290.7104,283.9387,284.6697,194773800
2020-02-27,279.1499,284.7245,271.8847,271.8847,284353500
2020-02-28,263.8336,272.2321,260.9458,270.7425,384975800
2020-03-02,272.5245,282.5313,269.0975,282.4673,238703600
2020-03-03,282.8421,286.8082,271.9396,274.3796,300139100
2020-03-04,279.7531,286.1319,277.2034,285.9126,176613400
2020-03-05,278.7113,281.9007,274.1694,276.4084,186366800
2020-03-06,267.9003,273.0454,265.2318,271.8391,228667200
2020-03-09,251.5878,259.7121,249.8972,250.61,309417300
2020-03-10,260.1233,263.6691,249.9428,263.5777,276444100
2020-03-11,256.5226,257.6558,247.5484,250.7287,255316300
2020-03-12,233.9501,243.6919,226.3467,226.7397,392220700
2020-03-13,240.4294,248.0968,227.1144,246.1228,329566100
2020-03-16,220.4066,234.7726,216.9156,219.1911,297240000
2020-03-17,223.9341,234.1055,216.6506,231.0258,262070500
2020-03-18,215.9013,226.9773,208.3801,219.3283,327597100
2020-03-19,218.6428,226.0726,212.2184,219.7943,289322000
2020-03-20,222.9436,224.727,210.0467,210.3225,347158800
2020-03-23,209.7617,211.1314,200.6336,204.9449,326025200
2020-03-24,215.4885,224.3868,214.9186,223.5135,235494500
2020-03-25,225.0947,235.6476,220.3882,226.8596,299430300
2020-03-26,229.3691,241.5767,228.9371,240.1059,257632800
2020-03-27,232.8163,239.7474,230.7756,232.9542,224341200
2020-03-30,235.05,241.2365,233.0553,240.5195,171369500
2020-03-31,239.5175,242.0638,235.528,236.9345,194881100
2020-04-01,227.9535,236.8517,224.203,226.2713,189554600
2020-04-02,225.3888,232.2739,224.8373,231.4926,177660400
2020-04-03,230.509,232.8622,225.4164,228.1465,135561200
2020-04-06,237.0172,245.4375,228.1282,243.4703,188061200
2020-04-07,252.0652,252.819,243.4979,243.7185,201427200
2020-04-08,246.3199,253.7106,243.8288,251.8997,153774500
2020-04-09,255.163,258.4907,253.2234,255.733,189999200
2020-04-13,254.7587,255.0988,249.4914,253.3982,114839100
2020-04-14,258.2885,261.8919,253.2602,260.8715,134143400
2020-04-15,255.1538,261.0094,253.2142,255.3285,121775000
2020-04-16,256.6062,257.4151,253.49,256.5602,131798300
2020-04-17,262.3331,264.098,259.5938,263.4914,146684800
2020-04-20,259.7869,263.6293,258.6286,258.8492,100109300
2020-04-21,254.3817,255.5859,250.052,250.9897,126385700
2020-04-22,255.8708,258.3068,254.5471,256.5602,92951600
2020-04-23,257.838,261.0094,256.2385,256.5419,104709700
2020-04-24,258.0586,260.7888,256.0087,260.1177,85063200
2020-04-27,262.0941,264.9897,261.6345,263.8683,77896600
2020-04-28,267.5176,267.8669,262.3515,262.6548,105270000
2020-04-29,267.9864,271.0659,266.9569,269.5308,118745600
2020-04-30,268.1519,269.6319,265.2838,267.0212,122901700
2020-05-01,262.2687,267.1867,258.7848,259.9522,125180000
2020-05-04,258.0678,260.9726,256.5879,260.6693,80873200
2020-05-05,263.4914,265.8906,260.798,263.0777,79569900
2020-05-06,264.7783,265.1643,260.8623,261.2943,73632600
2020-05-07,264.5117,266.3777,263.9418,264.4473,75250400
2020-05-08,267.582,269.2918,266.4513,268.8229,76452400
2020-05-11,266.8925,270.2569,266.4696,268.8781,79514200
2020-05-12,270.064,270.4776,263.3811,263.519,95870800
2020-05-13,262.9583,263.997,256.4317,258.8585,144721100
2020-05-14,256.4224,262.0849,250.9437,261.9563,121977900
2020-05-15,259.5662,263.2064,258.6194,263.1604,111146300
2020-05-18,269.3837,272.7849,269.062,271.1762,119703800
2020-05-19,270.5788,272.2886,268.3726,268.391,95189300
2020-05-20,271.9301,273.8145,271.7003,272.9504,85861700
2020-05-21,272.8216,273.6306,269.972,271.0659,78293900
2020-05-22,270.781,271.7553,269.54,271.5807,63958200
2020-05-26,277.5466,277.7856,271.5991,274.9267,88951400
2020-05-27,277.7212,279.0541,272.8952,279.0173,104817400
2020-05-28,280.0469,282.06,277.8315,278.5025,90405200
2020-05-29,278.0338,280.3319,275.2853,279.7436,119090800
2020-06-01,279.1,281.4809,278.5853,280.8742,55758300
2020-06-02,281.7934,283.2458,280.4605,283.1998,74267200
2020-06-03,285.1855,287.9249,284.9097,286.9688,92567600
2020-06-04,285.9852,287.7226,284.1192,286.2151,75794400
2020-06-05,291.611,295.3247,291.5467,293.5506,150524700
2020-06-08,294.3594,297.2918,293.817,297.0987,73641200
2020-06-09,294.433,297.1724,293.5689,294.8835,77479200
2020-06-10,295.4626,296.3543,292.521,293.238,95000800
2020-06-11,286.3069,286.9412,275.7816,276.3331,209243600
2020-06-12,283.347,284.1191,274.4855,279.6424,194678900
2020-06-15,273.9524,283.3838,272.7757,282.2531,135782700
2020-06-16,290.0023,290.1493,282.823,287.6858,137627500
2020-06-17,288.7062,289.0004,285.7554,286.4908,83398900
2020-06-18,284.974,287.0791,284.5144,286.6011,80828700
2020-06-19,290.0689,290.2628,283.015,284.9631,135549600
2020-06-22,284.363,287.1883,283.2181,286.7913,74649400
2020-06-23,289.4411,290.3736,287.7053,288.1115,68471200
2020-06-24,286.0711,286.6897,278.9248,280.7622,132813500
2020-06-25,280.1898,284.0399,278.1678,283.7721,89468000
2020-06-26,282.6735,282.8858,276.4505,277.0322,127961000
2020-06-29,278.2878,281.2423,275.9981,281.1039,79773300
2020-06-30,280.6699,286.4035,280.5129,284.7046,113394800
2020-07-01,285.8218,287.9639,285.3602,286.6989,72396500
2020-07-02,290.1336,291.4816,287.613,288.2778,69344200
2020-07-06,292.1002,293.3097,291.3523,292.728,61713800
2020-07-07,291.1862,293.162,289.3303,289.7089,82910000
2020-07-08,290.4751,292.0355,288.7117,291.9247,54638600
2020-07-09,292.5341,292.7742,286.8467,290.2628,83354200
2020-07-10,290.1982,293.4943,288.7671,293.2266,57550400
2020-07-13,295.5717,297.9538,290.032,290.6875,102997500
2020-07-14,289.2657,295.2301,288.0654,294.4546,93657000
2020-07-15,297.6767,298.2584,294.7776,297.1597,87196500
2020-07-16,295.2578,296.6335,294.6115,296.1811,54622500
2020-07-17,297.1875,297.8246,295.2116,297.0398,62774900
2020-07-20,296.772,300.1882,296.0242,299.4403,56308800
2020-07-21,301.407,301.8501,299.0895,300.0775,57292200
2020-07-22,299.7172,302.0993,299.6065,301.7854,57792900
2020-07-23,301.4254,302.1271,296.8182,298.1847,75738000
2020-07-24,296.3288,297.289,294.7592,296.2642,73766600
2020-07-27,296.9567,298.6002,296.1627,298.4247,48293000
2020-07-28,297.6953,298.8125,296.2365,296.532,57495000
2020-07-29,297.4091,300.7422,297.3722,300.179,48454200
2020-07-30,297.206,299.5234,295.1194,299.1079,61861700
2020-07-31,300.899,301.573,296.6796,301.4714,84986800
2020-08-03,303.1336,304.3338,302.5888,303.5675,53077900
2020-08-04,302.7087,304.7399,302.7087,304.7399,41917900
2020-08-05,306.0419,306.8913,305.7741,306.6328,42697700
2020-08-06,306.051,308.8024,305.7279,308.6824,43679400
2020-08-07,307.7129,309.1902,306.8081,308.904,57308300
2020-08-10,309.3565,310.012,307.4176,309.8274,44282100
2020-08-11,311.0092,311.6462,306.5405,307.2698,69601100
2020-08-12,309.7073,312.3294,309.6796,311.5539,53774400
2020-08-13,310.7875,312.3017,310.0673,310.9906,41816100
2020-08-14,310.6028,311.5354,309.8734,310.9998,47260400
2020-08-17,312.0155,312.3848,311.0091,311.9878,35481000
2020-08-18,312.3848,313.0865,310.7875,312.6618,38733900
2020-08-19,313.0403,313.5574,310.7967,311.36,68054200
2020-08-20,309.6333,312.8094,309.5041,312.3293,42207800
2020-08-21,311.997,313.6589,311.6554,313.4373,55106600
2020-08-24,315.8748,316.6873,313.4097,316.6135,48588700
2020-08-25,317.1767,317.8045,316.0133,317.7214,38463400
2020-08-26,318.3123,321.1745,317.7676,320.9067,50790200
2020-08-27,321.7747,323.058,319.9466,321.6085,58034100
2020-08-28,322.6333,323.8151,321.4422,323.6858,48588900
2020-08-31,323.4735,324.3506,322.2824,322.5132,66099200
2020-09-01,323.3441,325.6524,322.4486,325.5508,54908700
2020-09-02,327.4621,331.2291,326.3172,330.2596,69540000
2020-09-03,328.5699,329.0408,316.3087,318.8939,148011100
2020-09-04,319.5772,321.1468,309.181,316.2903,139156300
2020-09-08,310.8798,316.3549,307.3436,307.6483,114465300
2020-09-09,311.6554,316.1888,310.7875,313.7236,91462300
2020-09-10,315.5978,316.2534,307.316,308.2762,90569500
2020-09-11,310.0581,311.1199,305.6079,308.4331,84680200
2020-09-14,311.6001,314.2684,308.5809,312.4957,65605700
2020-09-15,314.9515,315.7825,312.5048,314.0744,52920900
2020-09-16,315.3116,316.7426,312.5509,312.8279,82096000
2020-09-17,307.9715,311.7939,307.4452,310.0766,91523300
2020-09-18,310.8822,310.9934,304.0225,306.5068,105877900
2020-09-21,301.9182,303.2438,298.2381,303.0955,99450800
2020-09-22,304.5787,306.7385,302.0665,306.1823,63612100
2020-09-23,306.7385,307.0166,298.5811,299.0816,93112200
2020-09-24,297.7654,302.9379,296.449,299.8789,76681300
2020-09-25,299.0259,305.5148,298.1546,304.7269,71069400
2020-09-28,308.8892,310.5021,307.8973,309.7884,64584600
2020-09-29,309.5844,310.3259,307.406,308.1012,51304000
2020-09-30,308.7686,313.5889,308.574,310.4372,104081100
2020-10-01,313.0327,314.0061,310.5484,312.4302,88698700
2020-10-02,307.4801,312.4024,307.0074,309.4639,89431100
2020-10-05,311.5217,315.1369,311.4754,314.9515,45713100
2020-10-06,315.0907,317.1857,309.9645,310.4743,90128900
2020-10-07,313.4313,316.685,313.4035,315.8786,56999600
2020-10-08,317.816,318.7429,316.8982,318.678,45242500
2020-10-09,320.328,321.9873,319.707,321.5238,59528600
2020-10-12,324.0638,328.1703,323.5725,326.6964,80388500
2020-10-13,326.5575,326.7336,323.6004,324.5645,73255500
2020-10-14,325.1391,326.2329,321.7927,322.525,57727900
2020-10-15,318.6132,322.6085,318.0755,322.1264,60357700
2020-10-16,323.4798,325.1391,321.7556,321.9317,89501900
2020-10-19,323.1925,323.8228,316.1381,317.0373,68425600
2020-10-20,318.3814,321.5517,317.6213,318.3072,60051900
2020-10-21,318.2608,320.43,317.3988,317.7047,63575000
2020-10-22,317.9179,320.0314,315.7765,319.4474,55399300
2020-10-23,320.6711,320.7268,318.0756,320.5321,49143900
2020-10-26,317.1486,317.9365,311.1139,314.6086,91473000
2020-10-27,314.9515,315.2852,313.3108,313.524,65994100
2020-10-28,307.8509,313.5518,302.3168,302.8081,127094300
2020-10-29,303.0398,309.0559,301.3527,305.8857,90597700
2020-10-30,304.3098,305.6169,299.0446,302.6969,120287300
2020-11-02,306.0897,308.0919,303.3458,306.0897,86068300
2020-11-03,309.3248,313.5519,306.1731,311.494,93294200
2020-11-04,315.9712,322.5343,314.794,318.4556,126959700
2020-11-05,323.7392,326.4739,323.387,324.6662,82039700
2020-11-06,324.379,325.8437,322.2655,324.5922,74973000
2020-11-09,337.3939,337.774,328.2075,328.671,172304200
2020-11-10,327.679,329.2456,324.9167,328.1889,85552000
2020-11-11,330.3766,331.4519,329.1344,330.6269,58649000
2020-11-12,329.6164,330.6732,325.6119,327.4195,67546200
2020-11-13,329.3291,332.6941,328.81,331.9525,62892200
2020-11-16,334.6222,336.2908,333.3337,336.0961,74541100
2020-11-17,333.6859,335.4935,332.1749,334.2884,66111000
2020-11-18,334.5573,335.1042,330.2283,330.2654,70591300
2020-11-19,329.635,332.0266,328.2909,331.6558,59940900
2020-11-20,331.3962,331.6001,329.3105,329.3846,70417300
2020-11-23,331.1923,332.6199,328.9583,331.3592,63230600
2020-11-24,333.9083,337.2455,333.0555,336.6985,62415900
2020-11-25,336.6151,336.6429,335.0856,336.1794,45330900
2020-11-27,337.2734,337.5885,336.1053,337.1158,28514100
2020-11-30,336.3371,336.6059,332.9443,335.6233,83872700
2020-12-01,338.8769,340.8329,338.2837,339.2941,74231400
2020-12-02,338.1817,340.1655,337.607,340.0079,45927000
2020-12-03,339.9059,341.3056,338.812,339.9152,62882000
2020-12-04,340.4993,342.8445,340.4066,342.8445,50749900
2020-12-07,342.0751,342.6313,340.87,342.14,48944300
2020-12-08,340.8699,343.7065,340.8236,343.1411,42458900
2020-12-09,343.7993,343.9569,339.2293,340.0636,74098300
2020-12-10,338.6916,340.9998,337.8203,339.9523,57735400
2020-12-11,338.2559,339.9616,336.7357,339.5537,57698600
2020-12-14,341.7228,342.7981,337.8573,338.0334,69216200
2020-12-15,340.5733,342.6034,339.2014,342.6034,63865300
2020-12-16,342.8166,344.0588,341.936,343.1411,58420500
2020-12-17,344.782,345.264,343.957,345.0601,64119500
2020-12-18,345.3485,345.5161,341.6713,343.6822,136542300
2020-12-21,339.763,352.3212,337.026,342.4533,96386700
2020-12-22,342.7791,342.8908,340.7497,341.8761,47949000
2020-12-23,342.8444,344.0918,341.8576,342.1834,46201400
2020-12-24,342.6581,343.5425,342.0717,343.5146,26457900
2020-12-28,346.0653,346.8566,345.4416,346.4656,39000400
2020-12-29,347.9924,348.1693,345.2182,345.8047,53680500
2020-12-30,346.624,347.3315,345.9071,346.2981,49455300
2020-12-31,346.1027,348.7837,345.5906,348.0576,78520700
2021-01-04,349.3888,349.5192,339.6233,343.3192,110210800
2021-01-05,342.6768,346.7729,342.6303,345.6837,66426200
2021-01-06,344.1756,350.9435,343.6264,347.7504,107997700
2021-01-07,350.1243,353.6618,349.9474,352.9171,68766800
2021-01-08,354.3042,355.142,351.0552,354.9279,71677200
2021-01-11,351.7534,354.2948,351.6323,352.5353,51034700
2021-01-12,352.7217,353.6246,350.3664,352.6099,52547700
2021-01-13,352.5354,354.5555,351.7534,353.5594,45303600
2021-01-14,354.3041,354.8068,351.9861,352.3212,49989100
2021-01-15,350.7014,351.502,347.89,349.7519,107160000
2021-01-19,352.2096,353.0381,350.7294,352.4982,51233300
2021-01-20,354.7883,358.2141,354.3973,357.3763,61836100
2021-01-21,357.9348,358.3631,356.7805,357.7021,47840100
2021-01-22,355.8495,357.5997,355.4679,356.436,52860500
2021-01-25,357.1715,358.1955,352.3213,357.8417,70402000
2021-01-26,358.7913,359.2009,357.0504,357.2831,42665300
2021-01-27,353.9598,354.0528,346.3168,348.551,123351100
2021-01-28,350.3663,355.5517,349.9288,351.5486,94198100
2021-01-29,349.6867,350.6548,342.835,344.5107,126765100
2021-02-01,347.9086,351.2786,344.7993,350.2452,75817600
2021-02-02,353.429,356.7525,350.329,355.1978,64450700
2021-02-03,356.0264,357.1994,354.2018,355.4771,52427100
2021-02-04,356.5104,359.5638,355.5888,359.5173,47142600
2021-02-05,361.3885,361.6399,359.4708,360.9324,48669800
2021-02-08,362.3846,363.5855,361.5282,363.539,38365200
2021-02-09,362.7012,363.8928,362.2916,363.297,35551100
2021-02-10,365.0378,365.1868,360.7369,363.1387,59154400
2021-02-11,364.2186,364.6375,361.2955,363.7252,42913300
2021-02-12,362.9247,365.764,362.8502,365.522,50593300
2021-02-16,366.7508,366.9463,364.4886,365.2054,50972400
2021-02-17,363.4552,365.5405,362.4405,365.2892,52290600
2021-02-18,362.6826,364.4793,360.9603,363.7345,59712800
2021-02-19,364.9913,365.2799,362.6454,363.0922,83241000
2021-02-22,360.3273,362.7105,360.0294,360.2994,67414200
2021-02-23,358.093,362.0867,353.941,360.7368,107284100
2021-02-24,359.6477,365.1402,358.6609,364.712,72433900
2021-02-25,363.4459,364.8144,354.481,355.924,146670500
2021-02-26,357.8045,358.9495,352.1072,354.0901,152701600
2021-03-01,358.9587,363.9206,354.2855,362.6732,105348800
2021-03-02,362.8967,363.1294,359.3405,359.8432,79595300
2021-03-03,359.145,360.1131,354.9744,355.0768,119940200
2021-03-04,354.8906,357.4786,346.1957,350.6828,183433000
2021-03-05,354.1831,358.1861,346.9032,357.1342,152039600
2021-03-08,358.093,360.9044,355.0768,355.356,123149200
2021-03-09,359.2009,362.9805,358.6982,360.4297,113633600
2021-03-10,362.7756,364.3675,361.3606,362.6732,109899400
2021-03-11,365.1402,368.324,364.6841,366.3504,86245000
2021-03-12,364.9913,366.9834,364.1814,366.8438,64653600
2021-03-15,367.0951,369.2921,364.954,369.0315,73427200
2021-03-16,369.6459,370.3534,367.7933,368.566,73722500
2021-03-17,367.2814,370.6235,366.1364,369.8229,97959300
2021-03-18,367.2348,369.3201,363.7624,364.442,115349100
2021-03-19,364.1413,365.7197,361.5915,363.7677,113624500
2021-03-22,364.2814,368.0547,364.2254,366.6724,73778600
2021-03-23,366.0373,367.485,363.0019,363.7864,90686600
2021-03-24,365.1874,366.8219,361.8904,361.9371,97588600
2021-03-25,360.4988,364.767,358.5561,363.9732,116128600
2021-03-26,365.1219,370.2402,364.5242,369.8386,114409100
2021-03-29,368.3629,370.5577,366.8778,369.6518,108107600
2021-03-30,368.3816,369.3436,367.074,368.6711,76262200
2021-03-31,369.2408,371.7252,369.2128,370.1654,112734200
2021-04-01,372.0987,374.2189,371.8933,374.1628,99682900
2021-04-05,376.8247,380.075,376.75,379.5333,91684800
2021-04-06,378.973,380.3552,378.6367,379.3092,62021000
2021-04-07,379.1411,380.0937,378.6834,379.7482,55836300
2021-04-08,380.9997,381.6068,380.0657,381.5508,57863100
2021-04-09,381.4294,384.4928,381.3079,384.3247,61104600
2021-04-12,383.7269,384.7356,383.1198,384.4648,56704900
2021-04-13,384.362,386.23,383.9791,385.6042,56551000
2021-04-14,385.5761,386.6315,383.7455,384.2873,61659900
2021-04-15,386.4261,388.6864,386.3794,388.4155,60229800
2021-04-16,389.7044,390.3208,388.2847,389.7137,82037300
2021-04-19,388.7798,389.2281,386.4729,387.7991,78498500
2021-04-20,386.5849,387.687,383.4841,384.9598,81851800
2021-04-21,384.3434,388.8079,384.2033,388.6024,66793000
2021-04-22,388.4341,389.2654,383.9884,385.0531,97582800
2021-04-23,385.6135,390.6383,385.5388,389.228,73209200
2021-04-26,389.8819,390.6104,389.2935,390.0407,52182400
2021-04-27,390.3395,390.5357,388.8171,389.9566,51303100
2021-04-28,390.2274,391.3482,389.3775,389.8445,51238900
2021-04-29,392.5718,392.9454,388.9479,392.3289,78544300
2021-04-30,390.0593,390.9092,388.8545,389.7511,85527000
2021-05-03,391.7405,392.1234,390.0967,390.5917,68128300
2021-05-04,388.6023,389.0973,384.4928,388.182,101591200
2021-05-05,389.8257,390.0592,387.7429,388.3033,60162200
2021-05-06,388.3782,391.535,386.3701,391.4043,74321400
2021-05-07,392.1701,394.9066,391.4883,394.2528,67733800
2021-05-10,394.6078,394.832,390.2275,390.3489,81852400
2021-05-11,385.8284,387.8551,382.9891,386.8651,116888000
2021-05-12,384.0818,385.352,377.3291,378.6461,134811000
2021-05-13,380.1965,385.1279,380.1498,383.1945,106394000
2021-05-14,385.9311,389.9285,385.9031,389.0786,82201600
2021-05-17,387.9672,388.9012,386.0712,388.0886,65129200
2021-05-18,388.3501,388.5929,384.5861,384.7449,59810200
2021-05-19,380.0564,383.9137,378.5713,383.7362,106467100
2021-05-20,384.6142,389.1253,384.4928,387.8644,78022200
2021-05-21,389.3495,390.5917,387.0892,387.5469,76578700
2021-05-24,389.7884,392.5717,389.5456,391.4976,51376700
2021-05-25,392.581,392.9359,390.0499,390.629,57451400
2021-05-26,391.2175,391.9086,390.1808,391.4043,43088600
2021-05-27,392.4316,392.9453,391.3295,391.6097,56707700
2021-05-28,393.1788,393.4404,392.0767,392.3102,58520200
2021-06-01,394.6731,394.8132,391.5256,391.9645,54216600
2021-06-02,392.6184,393.4217,391.6097,392.5811,49097100
2021-06-03,390.2648,392.2635,388.7984,391.124,58138800
2021-06-04,392.9734,395.0001,391.1894,394.7012,55938800
2021-06-07,394.6919,394.8694,393.3844,394.3184,51555000
2021-06-08,395.1775,395.2709,392.5717,394.4023,47134300
2021-06-09,395.2429,395.3176,393.5897,393.8139,48436300
2021-06-10,395.0374,396.5972,393.7205,395.6445,51020100
2021-06-11,396.1956,396.4104,394.9067,396.2984,45570800
2021-06-14,396.4104,397.2883,395.1682,397.1856,42358500
2021-06-15,397.3351,397.3724,395.5792,396.4572,51508500
2021-06-16,396.5971,396.8213,392.1981,394.2435,80386100
2021-06-17,393.8326,395.0935,391.6377,394.1128,90949700
2021-06-18,390.8294,391.5228,388.5899,388.7961,118676300
2021-06-21,390.5576,394.5494,389.7424,394.362,72822000
2021-06-22,394.3526,397.3043,393.6311,396.4703,57700300
2021-06-23,396.5453,397.3512,395.9081,395.9925,49445400
2021-06-24,398.1383,398.7567,397.8853,398.3351,45110300
2021-06-25,399.0847,400.1998,398.7567,399.75,58129500
2021-06-28,400.2748,400.7245,399.0754,400.5559,53159600
2021-06-29,400.94,401.5772,400.2372,400.7713,35970500
2021-06-30,400.3122,401.7834,400.2841,401.1087,64827900
2021-07-01,401.8677,403.4888,401.8021,403.3295,53441000
2021-07-02,404.4915,406.7685,403.4138,406.4124,57697700
2021-07-06,406.4686,406.6841,402.936,405.6721,68710400
2021-07-07,406.3562,407.3869,404.3415,407.1058,63549500
2021-07-08,401.7834,404.5477,400.6027,403.7887,97595200
2021-07-09,405.2973,408.3989,403.5918,408.099,76238600
2021-07-12,408.0147,409.8138,407.5837,409.5608,52889600
2021-07-13,408.7736,410.2729,407.9022,408.1646,52911300
2021-07-14,409.8607,410.348,407.5275,408.7737,64130400
2021-07-15,407.4338,408.1085,405.4754,407.3776,55126400
2021-07-16,408.5582,408.605,403.7887,404.1822,75874700
2021-07-19,399.3565,404.2478,395.4022,398.2133,147987000
2021-07-20,398.8786,405.1942,398.0821,403.9198,99608200
2021-07-21,405.1192,407.3307,403.873,407.1901,64724400
2021-07-22,407.3681,408.2864,406.3842,408.0428,47878500
2021-07-23,409.9732,412.5781,409.2891,412.2408,63766600
2021-07-26,411.6504,413.2621,411.6035,413.2527,43719200
2021-07-27,412.2126,412.2407,408.5394,411.3693,67397100
2021-07-28,411.997,412.578,409.7763,411.2006,52472400
2021-07-29,412.1284,413.9837,412.119,412.9061,47435300
2021-07-30,410.3386,412.3532,410.2074,410.9008,68951200
2021-08-02,412.6156,413.1684,409.6826,410.0387,58783300
2021-08-03,410.8352,413.4964,408.6426,413.3746,58053900
2021-08-04,412.0908,413.3465,411.107,411.3412,46732200
2021-08-05,412.5031,414.0304,412.1845,413.9461,38969700
2021-08-06,414.2648,415.0519,413.9836,414.6302,46930000
2021-08-09,414.6021,414.9207,413.5245,414.2929,41222600
2021-08-10,414.7426,415.5204,414.0586,414.8082,43339300
2021-08-11,415.8765,415.9327,414.7521,415.839,44034300
2021-08-12,415.689,417.2258,414.7894,417.0852,38909400
2021-08-13,417.5349,417.8629,417.0477,417.8442,39470300
2021-08-16,416.5417,418.9593,414.9862,418.8281,73740000
2021-08-17,416.27,416.9447,413.0935,416.0826,92673900
2021-08-18,415.0706,416.6355,411.285,411.5286,89351900
2021-08-19,408.8018,413.3652,408.6613,412.1658,92812200
2021-08-20,412.5125,415.7733,412.0252,415.4454,72008700
2021-08-23,417.1321,420.0088,415.5204,419.0999,54973000
2021-08-24,419.7651,420.2993,419.2498,419.7651,38744700
2021-08-25,419.9526,421.1613,419.5777,420.646,40529700
2021-08-26,420.3648,420.5991,418.0691,418.1628,57829600
2021-08-27,418.9687,422.2765,418.9125,421.9016,77235100
2021-08-30,422.5763,424.5441,422.3326,423.757,48357400
2021-08-31,423.6633,424.0006,422.5295,423.1292,59300200
2021-09-01,424.0661,424.5815,423.1197,423.354,48721400
2021-09-02,424.7783,425.4623,423.4571,424.6565,42501000
2021-09-03,423.5228,425.0689,423.1198,424.5535,47170500
2021-09-07,424.2067,424.3004,422.3607,423.0354,51671500
2021-09-08,422.5013,423.2322,420.5991,422.5201,56181900
2021-09-09,422.3233,424.0756,420.468,420.7116,57970400
2021-09-10,422.6419,423.0636,417.2727,417.3945,89948200
2021-09-13,420.393,420.6553,416.1482,418.4626,83738600
2021-09-14,419.9057,420.1118,415.3142,416.2044,78197100
2021-09-15,416.6261,420.1775,415.5204,419.6808,78792200
2021-09-16,419.1561,420.1306,416.0638,419.0155,77786700
2021-09-17,418.243,418.666,414.5768,414.934,118425000
2021-09-20,408.8048,410.3841,403.1458,408.0152,166445500
2021-09-21,410.3559,411.6532,407.1034,407.6298,92526100
2021-09-22,409.9046,413.646,407.7426,411.6061,102350100
2021-09-23,413.4768,418.2146,413.2418,416.6071,76396000
2021-09-24,414.9715,418.0078,414.7552,417.2934,62094800
2021-09-27,416.2593,417.4249,415.4039,416.0995,61371100
2021-09-28,413.3265,413.6555,406.9812,407.7144,130436300
2021-09-29,409.0962,410.8353,407.8366,408.4006,82329200
2021-09-30,409.8765,410.5815,403.0706,403.409,140506000
2021-10-01,405.1386,409.8858,401.6135,408.2031,129240100
2021-10-04,407.0376,407.94,400.7957,402.939,128570000
2021-10-05,404.4431,409.3783,403.644,407.1316,90682500
2021-10-06,403.5312,409.0304,401.9049,408.8236,113032200
2021-10-07,412.1044,415.1971,411.9257,412.3582,72437500
2021-10-08,413.129,413.5144,410.9763,411.6061,74557400
2021-10-11,410.9482,413.8623,408.5605,408.6263,65233300
2021-10-12,409.5474,409.9516,406.8307,407.6203,71181200
2021-10-13,408.645,409.9047,405.6651,409.0869,72974000
2021-10-14,412.753,416.1184,412.283,415.968,70236800
2021-10-15,418.083,419.5025,417.4626,419.1358,66260200
2021-10-18,417.3498,420.7151,416.6918,420.3767,62213200
2021-10-19,422.0031,423.6857,421.392,423.62,46996800
2021-10-20,424.0804,425.5845,423.9676,425.2837,49571600
2021-10-21,424.6821,426.6185,424.2497,426.3929,41305400
2021-10-22,425.9606,427.4082,424.0053,425.9511,58845100
2021-10-25,427.0416,428.5645,425.265,428.2355,45214500
2021-10-26,429.7865,430.9992,428.2449,428.6209,56075100
2021-10-27,429.0815,429.7489,426.6468,426.722,72438000
2021-10-28,428.1508,430.9145,428.1414,430.8393,51437900
2021-10-29,428.5363,432.005,428.2448,431.7136,70162400
2021-11-01,432.7007,433.0767,430.7266,432.4563,48433600
2021-11-02,432.6255,434.515,432.4939,434.2047,48908400
2021-11-03,433.6407,437.2598,433.1989,436.8556,52509800
2021-11-04,437.4573,438.999,437.1095,438.9144,52847100
2021-11-05,441.1422,442.43,438.9237,440.4372,66390600
2021-11-08,441.5371,442.0353,440.127,440.8132,50405200
2021-11-09,441.1799,441.4149,437.9461,439.3562,51149100
2021-11-10,437.664,439.3561,434.3363,435.8215,69429700
2021-11-11,437.3162,437.3915,435.9438,435.9626,34848500
2021-11-12,437.2317,439.8074,436.2822,439.2528,53466700
2021-11-15,440.5407,440.7005,438.2752,439.4032,46980500
2021-11-16,439.1399,442.2796,439.0647,441.1422,48857500
2021-11-17,440.879,441.0576,439.4501,440.0706,47858300
2021-11-18,441.1046,441.8285,438.3785,441.5652,50625600
2021-11-19,441.4524,442.7027,440.409,440.7756,57315600
2021-11-22,442.6557,445.1468,439.3279,439.5348,72762000
2021-11-23,439.2058,440.9731,436.6019,440.1176,73206500
2021-11-24,438.1153,441.4148,437.2974,441.2926,61858800
2021-11-26,434.6183,436.0848,430.3223,431.4504,112669600
2021-11-29,436.2446,438.5853,434.0449,436.7429,86268800
2021-11-30,434.2988,436.207,428.0005,428.2449,148559600
2021-12-01,433.9603,436.8086,423.2909,423.4883,131939200
2021-12-02,423.7045,431.5444,423.3096,429.9745,127637800
2021-12-03,431.6384,432.7006,422.003,426.2332,137331600
2021-12-06,428.7807,433.1613,426.3648,431.2812,98977500
2021-12-07,436.5642,440.7662,431.1496,440.2021,95484700
2021-12-08,440.597,441.8191,438.8391,441.3679,72238800
2021-12-09,440.0799,441.4712,438.1905,438.3879,61272600
2021-12-10,441.0953,442.6651,438.5384,442.5147,77159800
2021-12-13,441.9977,442.3455,438.3127,438.5947,87724700
2021-12-14,435.3233,437.8144,432.6536,435.5771,97264100
2021-12-15,435.6337,442.6275,433.1143,442.3831,116899300
2021-12-16,444.2349,444.5169,436.9308,438.4818,116568600
2021-12-17,435.4,438.4093,432.1077,433.8152,135511600
2021-12-20,428.7306,429.5984,425.5798,429.2022,107134800
2021-12-21,432.6265,436.9659,430.4568,436.8244,69806300
2021-12-22,436.5697,441.3052,436.3715,441.192,58890200
2021-12-23,442.1921,445.4372,442.0883,443.9373,56439700
2021-12-27,445.3145,450.2671,445.2674,450.2199,56808600
2021-12-28,450.6539,451.6822,449.088,449.8521,47274600
2021-12-29,449.9558,451.4463,448.9559,450.4275,54503000
2021-12-30,450.8519,451.8613,448.72,449.1822,55329000
2021-12-31,448.6917,449.8425,447.7767,448.0502,65237400
2022-01-03,449.3143,450.7765,447.0031,450.6444,72668200
2022-01-04,452.0689,452.7859,448.6351,450.4935,71178700
2022-01-05,450.1255,450.8991,441.7486,441.843,104538900
2022-01-06,441.3808,444.1448,439.0602,441.428,86858900
2022-01-07,441.4374,442.6166,438.3244,439.6828,85111600
2022-01-10,436.4849,439.3526,430.7305,439.1357,119362000
2022-01-11,438.8716,443.2298,435.8717,443.1355,74303100
2022-01-12,444.8712,446.39,442.3713,444.3335,67605400
2022-01-13,445.4372,446.0881,437.1829,438.2112,91173100
2022-01-14,435.0604,438.7394,433.8435,438.3904,95890900
2022-01-18,433.6925,433.9001,429.5135,430.6267,109709100
2022-01-19,432.1738,433.5699,425.8817,426.1553,109357600
2022-01-20,428.042,432.7492,419.316,421.4386,122379700
2022-01-21,420.316,422.6743,413.1371,413.1654,202271200
2022-01-24,407.5525,415.4295,396.9211,414.92,251783900
2022-01-25,408.5241,414.8068,402.949,409.8542,167997300
2022-01-26,415.7502,418.8821,404.5622,408.8261,186391100
2022-01-27,413.4295,416.5709,405.1187,406.8073,149878300
2022-01-28,408.1657,416.9576,403.581,416.9105,164457400
2022-01-31,416.2407,424.7685,414.8917,424.4195,152251400
2022-02-01,425.1459,427.9287,421.6178,427.2873,123155400
2022-02-02,429.6928,432.1644,427.3816,431.438,117361000
2022-02-03,425.4006,427.3061,420.4574,421.297,118024400
2022-02-04,421.0612,427.1269,418.6839,423.278,118454400
2022-02-07,424.0421,425.4383,420.5895,421.9196,84472900
2022-02-08,421.4197,426.3156,419.9952,425.3911,81012000
2022-02-09,429.4287,431.938,429.2306,431.6172,92589900
2022-02-10,425.7685,431.7776,421.8631,423.8629,140103700
2022-02-11,423.9478,426.0232,414.071,415.5049,153214600
2022-02-14,414.9955,416.5804,410.675,414.1465,123006300
2022-02-15,418.5897,420.9952,418.0708,420.8254,88482700
2022-02-16,418.7783,422.6743,416.901,421.297,84863600
2022-02-17,418.1086,421.2688,411.6939,412.2976,102259100
2022-02-18,412.5522,413.8069,407.3544,409.6279,132642900
2022-02-22,407.4205,410.8259,401.7321,405.2319,124391800
2022-02-23,408.1468,408.7128,397.4776,398.0436,132578000
2022-02-24,387.7328,404.4678,387.3744,404.0338,213942900
2022-02-25,405.2697,413.0334,403.6188,412.9485,121804500
2022-02-28,407.5525,413.373,406.2979,411.8919,145615000
2022-03-01,410.392,412.4013,402.9113,405.6187,137785900
2022-03-02,407.8733,414.8069,407.1186,413.0806,117726500
2022-03-03,415.5144,416.1181,409.2223,411.024,105501700
2022-03-04,407.2884,408.8166,403.6377,407.6846,113978200
2022-03-07,407.0997,407.8072,395.6003,395.6664,137896600
2022-03-08,395.8457,403.0057,391.6006,392.6666,164772700
2022-03-09,401.0529,405.1753,398.8644,403.1943,116990800
2022-03-10,398.5813,402.2698,396.6191,401.3736,93972700
2022-03-11,403.8641,404.4773,395.7608,396.2702,95636300
2022-03-14,397.0437,400.4963,392.2327,393.3741,95729200
2022-03-15,395.9871,402.6565,394.7136,402.0245,106219100
2022-03-16,405.5338,410.9957,400.7322,410.9391,144954800
2022-03-17,409.0241,416.0803,408.6468,416.0803,102676900
2022-03-18,414.4679,420.9593,413.7298,420.6376,106345500
2022-03-21,420.4673,422.4734,417.0039,420.5146,88349800
2022-03-22,421.9056,426.372,421.9056,425.4352,74650400
2022-03-23,422.8992,424.3943,419.8711,419.9563,79426100
2022-03-24,421.9814,426.2964,420.8648,426.2869,64736900
2022-03-25,426.9209,428.6431,424.3375,428.3687,77101300
2022-03-28,427.7725,431.4156,425.8799,431.4156,68529800
2022-03-29,435.3049,437.2447,432.6174,436.7527,86581500
2022-03-30,435.6077,436.4215,431.9456,434.0558,79666900
2022-03-31,433.2892,434.1125,426.9208,427.375,121699900
2022-04-01,428.9553,429.0973,425.0094,428.5863,89048800
2022-04-04,428.7851,432.362,427.9618,432.2579,59601000
2022-04-05,430.7627,433.2325,425.6528,426.7978,74214500
2022-04-06,422.8803,424.8107,419.6441,422.5302,106898000
2022-04-07,421.6501,426.4761,419.7008,424.6592,78097200
2022-04-08,423.9022,426.4192,421.9812,423.5237,79272700
2022-04-11,420.2496,421.0918,415.7832,416.2848,89770500
2022-04-12,419.2749,421.8015,413.1904,414.7423,84363600
2022-04-13,414.4963,420.2496,414.3165,419.4926,74070400
2022-04-14,419.7197,420.8364,414.1651,414.2692,97869500
2022-04-18,413.3418,416.1239,412.2063,414.4395,66002500
2022-04-19,414.3354,421.8488,414.1651,421.1297,77821000
2022-04-20,422.9087,423.5237,419.6535,420.8174,65224400
2022-04-21,424.4416,425.8327,413.6163,414.5247,85417300
2022-04-22,413.4364,414.5436,402.5827,403.1505,132471800
2022-04-25,400.9077,405.658,396.3372,405.4877,119647700
2022-04-26,402.9517,403.1504,393.7161,393.7444,103996300
2022-04-27,394.8233,400.1981,392.7131,394.8517,122030000
2022-04-28,399.602,406.5571,395.1639,404.8254,105449100
2022-04-29,400.8321,402.9896,389.1172,389.8648,145491100
2022-05-02,389.9311,393.5742,383.2598,392.2116,158312500
2022-05-03,392.7131,396.4224,391.1517,394.0095,100028200
2022-05-04,394.6718,406.576,391.4829,406.0082,144247900
2022-05-05,401.7405,402.1664,387.4424,391.5776,172929100
2022-05-06,389.0131,392.5143,383.9316,389.2402,151770800
2022-05-09,383.3355,384.5751,375.1976,376.7779,155586100
2022-05-10,382.7582,384.2628,373.6078,377.6484,132497200
2022-05-11,376.6832,382.3324,370.9014,371.649,142361000
2022-05-12,368.4506,374.5351,364.4573,371.261,125090800
2022-05-13,375.3962,381.5186,374.3553,380.1371,104174400
2022-05-16,378.4906,382.2662,376.2384,378.5946,78622400
2022-05-17,384.6886,386.619,380.9508,386.3824,83029700
2022-05-18,381.8214,382.1053,369.5672,370.8068,117674500
2022-05-19,367.7409,372.9643,366.312,368.5358,98510700
2022-05-20,372.1221,375.699,360.095,368.6966,131432200
2022-05-23,371.7247,376.3615,369.4064,375.595,76414900
2022-05-24,371.4692,373.92,366.1701,372.7278,91448800
2022-05-25,371.2326,377.989,370.8352,376.0208,91472900
2022-05-26,377.251,385.1713,377.0428,383.5342,82168300
2022-05-27,385.9945,393.0632,385.7958,392.9496,84768700
2022-05-31,391.3315,394.0852,388.0007,390.7448,95937000
2022-06-01,392.8645,393.877,385.0672,387.5843,86585800
2022-06-02,387.4235,395.0126,385.1713,394.9653,79609600
2022-06-03,390.2433,391.7952,387.5086,388.4832,71874300
2022-06-06,392.4954,394.227,388.4926,389.666,57508900
2022-06-07,386.1743,393.8581,385.7106,393.4038,59272400
2022-06-08,391.6911,393.4796,388.3318,389.1267,64350000
2022-06-09,387.3477,389.6187,379.8721,379.8721,86289800
2022-06-10,373.6646,374.5162,368.8102,368.8575,132893900
2022-06-13,359.4421,361.2968,353.244,354.8527,170004900
2022-06-14,356.6033,357.6347,350.6796,353.7834,104011800
2022-06-15,357.0859,363.2745,352.1274,358.827,125666800
2022-06-16,350.6039,351.0108,344.5193,346.9513,134473300
2022-06-17,347.3666,351.0445,344.1924,347.6992,111113900
2022-06-21,353.4299,357.8396,353.3539,356.4521,76811900
2022-06-22,352.2229,359.9208,351.8047,355.8058,90059400
2022-06-23,357.9441,360.0254,354.3803,359.2936,79292100
2022-06-24,362.4678,370.7264,362.4393,370.7169,98050300
2022-06-27,371.6388,371.9334,368.208,369.3009,66009600
2022-06-28,370.8595,373.6441,361.641,361.7551,86548900
2022-06-29,362.3063,363.2946,359.6357,361.4604,65676000
2022-06-30,357.564,361.7646,354.0666,358.5238,112508300
2022-07-01,357.8681,362.7529,355.245,362.3157,74839700
2022-07-05,357.2219,363.0191,354.3898,363.0001,81438000
2022-07-06,363.1426,366.716,360.7572,364.226,70426200
2022-07-07,366.0032,370.4794,364.245,369.6811,64525900
2022-07-08,368.0465,371.2492,366.5164,369.377,72397800
2022-07-11,366.697,367.6663,364.4636,365.1574,58366900
2022-07-12,364.606,366.9914,360.1773,361.926,62219200
2022-07-13,356.4806,362.9621,356.0624,360.0254,84224600
2022-07-14,355.0645,360.2345,352.6221,359.1511,89704800
2022-07-15,363.5607,366.1267,361.6505,366.0127,79060400
2022-07-18,369.1014,369.7761,361.7646,362.9906,63203600
2022-07-19,366.9155,373.3685,366.2598,372.7982,78506000
2022-07-20,372.9883,376.5902,371.6198,375.1741,71843800
2022-07-21,374.5944,379.0421,372.19,378.9946,64903900
2022-07-22,379.1181,380.3156,373.2544,375.4782,72197300
2022-07-25,376.1055,376.7897,373.6916,375.9344,53631500
2022-07-26,374.2904,374.4994,370.5935,371.4868,52946400
2022-07-27,374.7845,382.8816,374.4899,381.1329,82342100
2022-07-28,381.9408,386.607,378.3864,385.9133,73966600
2022-07-29,387.3482,392.5277,386.5785,391.5393,87003700
2022-08-01,388.8404,392.8889,388.1276,390.3799,69997500
2022-08-02,388.8119,392.4993,386.626,387.8045,63435400
2022-08-03,389.9332,395.0462,389.6481,393.8773,67820600
2022-08-04,393.8012,394.4855,391.967,393.6112,45656600
2022-08-05,389.325,393.5921,389.268,392.9459,56814900
2022-08-08,394.6375,396.8899,391.3873,392.4897,53886100
2022-08-09,391.758,392.2617,389.8572,390.9312,44931800
2022-08-10,397.9923,399.2849,396.0346,399.1423,68665700
2022-08-11,401.9934,403.8561,398.401,399.1423,59489700
2022-08-12,401.081,406.0039,400.1307,405.8994,61694500
2022-08-15,403.685,408.0946,403.6279,407.5719,54048300
2022-08-16,406.4981,410.2995,405.6903,408.3703,59289000
2022-08-17,404.7685,408.1803,403.4665,405.4717,63563400
2022-08-18,405.6712,407.3343,404.3787,406.6501,49023200
2022-08-19,403.8845,404.1506,400.3111,401.1855,68016900
2022-08-22,396.3482,396.5193,391.9291,392.8319,77695600
2022-08-23,392.4042,394.7991,391.3303,391.8815,49105200
2022-08-24,391.6534,394.5045,390.9692,393.136,49177800
2022-08-25,394.6281,398.7336,393.5352,398.6861,50942300
2022-08-26,398.5721,399.1138,385.134,385.191,103087000
2022-08-29,382.2354,385.6947,381.285,382.644,65370800
2022-08-30,383.8034,384.041,376.3431,378.4434,85652400
2022-08-31,380.078,381.323,375.4307,375.5638,76029700
2022-09-01,373.3875,377.0844,370.6789,376.7422,78740100
2022-09-02,380.4106,381.6271,370.9545,372.7697,99632100
2022-09-06,373.6155,374.5564,369.1393,371.3632,76637400
2022-09-07,371.0496,378.8045,370.831,378.0347,70964200
2022-09-08,375.7633,380.9618,374.5563,380.5056,80821700
2022-09-09,382.7485,387.2818,382.4824,386.4169,76706900
2022-09-12,388.4887,391.2923,388.1846,390.57,69256300
2022-09-13,381.8836,383.0906,372.4656,373.587,122947100
2022-09-14,374.889,376.5332,371.7053,375.0126,85023700
2022-09-15,373.454,376.3051,369.4815,370.755,87633800
2022-09-16,366.5714,368.5849,364.6343,367.9265,103084800
2022-09-19,364.7775,370.7798,364.7011,370.7798,73278500
2022-09-20,367.4494,368.4609,363.766,366.5238,77274900
2022-09-21,368.4513,371.505,360.1206,360.1302,106746600
2022-09-22,359.3572,360.9986,356.3608,357.1052,89472600
2022-09-23,353.6316,353.6698,346.675,351.1219,122346900
2022-09-26,349.6523,353.2785,346.4269,347.6483,92581200
2022-09-27,351.1887,353.4599,344.3657,346.7609,108294100
2022-09-28,347.7152,355.273,346.0166,353.584,110802200
2022-09-29,350.034,350.3203,343.2492,346.1979,112952300
2022-09-30,345.2532,349.1752,340.7109,340.8445,153711200
2022-10-03,344.5661,351.6945,342.7816,349.8432,89756500
2022-10-04,355.3684,360.7123,349.8051,360.6837,103602800
2022-10-05,356.3131,362.1054,353.9847,359.8438,88065700
2022-10-06,358.4411,361.3994,355.6356,356.1318,82333500
2022-10-07,352.0952,356.2177,344.4325,346.1979,107789500
2022-10-10,347.3144,347.5529,341.3121,343.5546,76042800
2022-10-11,341.856,346.4269,339.4417,341.3789,92482800
2022-10-12,341.7892,343.3638,340.0047,340.2528,76991800
2022-10-13,333.239,350.7021,332.1893,349.2325,147254500
2022-10-14,351.6944,353.3262,340.6345,341.2739,123737000
2022-10-17,347.3621,351.1505,340.9399,350.0436,93168200
2022-10-18,357.9736,358.2789,350.7116,354.1565,97162900
2022-10-19,352.1144,354.8436,348.8317,351.6468,79746900
2022-10-20,351.1982,355.626,347.9346,348.6981,88283100
2022-10-21,348.4213,357.6586,346.9136,357.1719,131038400
2022-10-24,358.6988,362.6781,356.0459,361.5425,85436900
2022-10-25,361.4662,367.6308,361.3517,367.3159,78846300
2022-10-26,364.1667,369.8541,363.909,364.5484,104087300
2022-10-27,365.5505,367.3922,361.9815,362.6018,81971800
2022-10-28,362.4967,371.7054,362.3154,371.2282,100302000
2022-10-31,368.7663,370.6366,367.6402,368.5468,96631300
2022-11-01,372.297,372.5356,365.7603,366.9341,85407600
2022-11-02,366.3424,370.8561,357.6204,357.7254,126990400
2022-11-03,354.4809,357.0861,351.9235,354.042,87100100
2022-11-04,359.7581,361.5425,353.0782,359.1378,103505200
2022-11-07,360.4355,363.1647,358.3552,362.5731,68286900
2022-11-08,363.68,367.5066,360.445,364.5293,84641100
2022-11-09,362.554,363.7087,356.5231,357.0193,78495500
2022-11-10,370.3026,376.973,368.0029,376.639,141455800
2022-11-11,377.4979,381.0859,375.6084,380.2843,93839900
2022-11-14,378.5189,381.8779,376.7726,377.0493,71903500
2022-11-15,382.8035,383.9104,376.4481,380.2651,93194500
2022-11-16,378.6334,379.5876,376.7344,377.3642,68508500
2022-11-17,372.6024,376.8871,372.2971,376.2095,74496300
2022-11-18,379.5495,379.6163,375.0645,377.9177,92922500
2022-11-21,376.5913,377.7173,374.7018,376.5435,51243200
2022-11-22,378.4903,381.7729,377.0779,381.6107,60429000
2022-11-23,381.2767,384.5021,381.0477,384.0155,68261600
2022-11-25,383.4524,384.483,383.1757,383.9295,30545400
2022-11-28,380.8377,382.4791,377.0398,377.8032,67881600
2022-11-29,377.9367,379.1296,375.3125,377.1543,52310000
2022-11-30,377.4024,389.0349,375.4843,389.0349,144566700
2022-12-01,390.075,391.2488,386.2389,388.7486,76398200
2022-12-02,383.8532,389.2066,383.7483,388.3001,85342700
2022-12-05,385.4755,386.4106,379.9598,381.3148,77289800
2022-12-06,381.1527,381.6966,373.7285,375.8183,77972200
2022-12-07,374.969,377.5455,374.0434,375.179,65927900
2022-12-08,377.0684,379.1869,375.2839,378.1181,60737900
2022-12-09,376.8775,379.4349,375.1694,375.2934,81447700
2022-12-12,376.0855,380.7042,375.4175,380.7042,75405800
2022-12-13,391.4587,391.7164,380.8187,383.5861,123782500
2022-12-14,383.2425,386.9546,378.1849,381.1336,108111300
2022-12-15,376.2668,377.1733,370.15,371.8104,117705900
2022-12-16,369.2518,370.5939,365.283,367.4208,119858000
2022-12-19,367.6125,367.948,362.6371,364.3051,79878100
2022-12-20,363.5478,366.4237,362.2249,364.8036,74427200
2022-12-21,367.4016,371.3896,366.8648,370.2584,78167400
2022-12-22,367.2098,370.2391,359.2722,364.9761,100120900
2022-12-23,363.9504,367.2194,362.3974,367.0756,59857300
2022-12-27,366.9606,367.3057,363.9504,365.628,51638200
2022-12-28,365.561,367.5358,360.854,361.0841,70911500
2022-12-29,363.9313,368.4561,363.404,367.5837,66970900
2022-12-30,364.8995,366.7592,362.7809,366.6154,84022200
2023-01-03,368.4752,370.45,362.2057,365.0721,74850700
2023-01-04,367.3345,369.9229,364.286,367.8905,85934100
2023-01-05,365.9348,366.0499,363.0972,363.6916,76970500
2023-01-06,366.788,373.1535,363.7204,372.0318,104189600
2023-01-09,374.2272,377.4195,371.6388,371.821,73978100
2023-01-10,371.2362,374.4956,370.2967,374.4285,65358100
2023-01-11,376.0102,379.2409,375.1954,379.1642,68881100
2023-01-12,380.2666,382.0113,376.1923,380.5446,90157700
2023-01-13,377.3428,382.5962,377.0744,382.021,63903900
2023-01-17,382.0018,383.6794,380.6405,381.3211,62677300
2023-01-18,382.5098,383.5739,375.0995,375.3008,99632300
2023-01-19,373.2589,374.9078,371.2458,372.5687,86958900
2023-01-20,373.9683,379.6626,372.3194,379.5092,91806400
2023-01-23,380.3146,385.9993,379.3559,384.0629,84178800
2023-01-24,382.3852,384.5614,381.1965,383.6507,59524900
2023-01-25,379.5764,384.1299,377.2852,383.7944,84800300
2023-01-26,386.4594,388.1754,383.4876,388.0124,72287400
2023-01-27,386.9676,391.2815,386.7567,388.904,68346200
2023-01-30,386.1431,388.3768,383.7273,384.0245,74202000
2023-01-31,384.5422,389.7188,384.197,389.6709,86811800
2023-02-01,388.4535,396.5636,385.7117,393.8123,101459200
2023-02-02,397.7044,401.0117,395.8063,399.545,101654500
2023-02-03,394.5696,399.7271,394.0903,395.2982,94736800
2023-02-06,392.8441,394.2821,391.224,392.8824,60295300
2023-02-07,391.9622,399.2671,390.716,398.0208,90990700
2023-02-08,396.0459,397.388,392.9783,393.6685,76227500
2023-02-09,397.273,397.4264,389.0286,390.2557,78694900
2023-02-10,389.0766,391.5499,388.2618,391.1665,70769700
2023-02-13,391.8183,395.8926,391.3581,395.7583,64913500
2023-02-14,394.2341,397.8866,391.617,395.5763,88389300
2023-02-15,393.3809,396.9375,392.5373,396.8608,61555700
2023-02-16,391.8854,395.835,391.2623,391.3965,76431500
2023-02-17,389.2683,390.6584,387.3415,390.4187,89257800
2023-02-21,386.3924,387.4469,382.3277,382.5865,82655900
2023-02-22,382.9987,384.5422,380.6021,382.0593,83742300
2023-02-23,384.9544,385.568,379.864,384.0916,96242400
2023-02-24,379.0684,380.8227,377.362,379.9886,108194400
2023-02-27,383.3343,384.6956,380.3434,381.2828,80444700
2023-02-28,380.8034,382.7686,379.7681,379.8735,96438600
2023-03-01,379.0587,380.2858,377.1127,378.4164,99706800
2023-03-02,376.4416,382.2031,376.1061,381.3595,85127800
2023-03-03,383.1808,387.7248,382.529,387.4756,90120000
2023-03-06,388.3001,390.6009,387.3031,387.7441,72795900
2023-03-07,387.6962,387.9358,381.187,381.8005,108310600
2023-03-08,381.9155,383.1809,380.1899,382.4236,74746600
2023-03-09,383.2096,384.8777,374.3805,375.3679,111945300
2023-03-10,374.8215,376.9018,368.4274,369.9516,189253000
2023-03-13,366.0211,374.2463,364.9091,369.4243,157790000
2023-03-14,374.3518,377.1798,371.0444,375.5309,149752400
2023-03-15,369.9324,373.3835,367.8425,373.1822,172996900
2023-03-16,370.8239,380.0749,370.3158,379.7297,143254200
2023-03-17,378.3979,379.5334,373.9039,375.2897,140553400
2023-03-20,376.0692,379.3122,375.3667,378.8983,93055800
2023-03-21,382.2663,384.3546,380.6689,383.8734,91524200
2023-03-22,383.7002,387.3185,377.2913,377.3297,111746600
2023-03-23,380.1975,384.2392,375.6361,378.3499,119351300
2023-03-24,377.07,380.9192,374.7219,380.8326,107682400
2023-03-27,383.1132,383.8831,380.6497,381.5447,74010400
2023-03-28,380.8519,381.5447,378.8503,380.6883,62871700
2023-03-29,384.855,386.4621,383.6522,386.2215,77497900
2023-03-30,388.8582,389.1084,386.616,388.4829,69840000
2023-03-31,389.4068,394.2568,389.3009,393.9585,112062600
2023-04-03,393.4388,395.8638,393.0443,395.4597,67391100
2023-04-04,396.1044,396.3931,391.8895,393.2656,66601500
2023-04-05,392.5342,393.2945,390.5808,392.2359,65200200
2023-04-06,391.4372,394.045,390.3883,393.766,63743300
2023-04-10,391.2832,394.2471,390.6674,394.1701,63681000
2023-04-11,394.7957,395.681,393.5062,394.276,59297900
2023-04-12,396.3449,396.6336,392.0819,392.6689,86420400
2023-04-13,393.7563,398.2407,392.6112,397.8846,85814800
2023-04-14,397.2495,399.4436,394.6032,396.9127,78161500
2023-04-17,396.8261,398.3561,395.5943,398.3369,66436400
2023-04-18,399.9151,400.0498,397.2206,398.5967,63560000
2023-04-19,396.6818,399.434,396.624,398.5294,55227300
2023-04-20,395.7098,398.106,394.8052,396.3546,75840400
2023-04-21,396.6529,397.1244,394.709,396.6625,73457400
2023-04-24,396.4604,397.4997,395.1228,397.0763,64332100
2023-04-25,395.1035,395.6617,390.7154,390.7732,97766700
2023-04-26,391.3891,392.4668,388.5599,389.118,80447000
2023-04-27,391.6586,397.1341,391.4084,396.8647,92968400
2023-04-28,395.9793,400.2616,395.9215,400.2519,89433100
2023-05-01,399.8092,401.8782,399.6167,399.8477,62122300
2023-05-02,399.1356,399.1837,392.4476,395.3538,103998500
2023-05-03,395.8541,398.2695,392.3995,392.64,91531800
2023-05-04,391.5911,391.9183,388.5214,389.859,94901900
2023-05-05,393.4965,398.1252,393.2367,397.0763,87891800
2023-05-08,397.4036,397.6634,395.7773,397.1822,50046800
2023-05-09,395.6329,396.5567,395.2095,395.4404,49220100
2023-05-10,398.2792,398.9143,393.458,397.288,96142900
2023-05-11,396.4219,396.8838,394.5165,396.5951,70157100
2023-05-12,397.8365,398.0482,393.6505,396.0755,70481500
2023-05-15,396.6818,397.8461,394.7668,397.442,54289400
2023-05-16,396.3353,397.2592,394.7764,394.786,57705500
2023-05-17,396.8069,400.1846,395.1614,399.5784,87287000
2023-05-18,399.2607,403.8509,399.0394,403.4275,97177200
2023-05-19,404.3321,404.8614,401.6184,402.8405,103793300
2023-05-22,402.8598,404.5438,401.6184,403.0041,60745400
2023-05-23,401.3585,402.9367,398.0867,398.4812,86383500
2023-05-24,396.8742,397.2591,394.4299,395.5943,89213700
2023-05-25,399.1068,400.4733,396.8646,399.0202,90961600
2023-05-26,399.6745,404.9095,399.5976,404.1877,93830000
2023-05-30,406.122,406.6512,402.956,404.3417,72216000
2023-05-31,402.5134,403.4179,400.531,402.0996,110811800
2023-06-01,402.3305,406.9785,401.0795,405.9199,88865000
2023-06-02,408.4989,412.579,407.9696,411.79,91426200
2023-06-05,412.1364,413.4259,410.2984,411.0009,65460200
2023-06-06,410.5871,412.4251,409.9327,411.8958,64022200
2023-06-07,412.2904,413.4259,410.0482,410.4716,85373300
2023-06-08,410.539,413.4067,409.7692,412.9544,61952800
2023-06-09,413.753,415.7065,412.7041,413.6953,85742800
2023-06-12,414.6769,417.5253,413.9551,417.4483,76104300
2023-06-13,418.911,420.8453,418.2471,420.2005,95899700
2023-06-14,420.5374,422.5101,417.2463,420.7009,100612100
2023-06-15,419.883,427.1676,419.7868,425.9167,110303100
2023-06-16,427.9045,428.4743,423.9927,424.4659,114165800
2023-06-20,422.5245,423.4131,420.187,422.2637,76160400
2023-06-21,421.2784,422.0801,419.5109,420.1001,76982300
2023-06-22,419.1439,421.7227,418.8058,421.6165,70637200
2023-06-23,418.1587,420.216,417.7144,418.4291,92074500
2023-06-26,417.8593,419.7814,416.4781,416.7195,72823600
2023-06-27,417.5984,421.9062,417.1445,421.2881,72813700
2023-06-28,420.2063,422.5148,419.5882,421.5006,75636000
2023-06-29,421.0853,423.3261,420.6796,423.1619,67882300
2023-06-30,426.3783,429.1407,426.0595,428.1555,104964000
2023-07-03,427.8078,428.9282,427.5277,428.6481,32793400
2023-07-05,426.8322,428.7447,426.8225,428.0106,58418400
2023-07-06,424.4272,425.084,422.1477,424.659,80658300
2023-07-07,423.6642,427.5374,423.3455,423.5869,86134200
2023-07-10,423.2295,424.8329,422.6596,424.659,62443500
2023-07-11,425.4222,427.8562,424.4466,427.3636,64463800
2023-07-12,431.1595,432.2123,429.7299,430.8021,91924500
2023-07-13,432.6179,435.0133,432.1833,434.2213,72425200
2023-07-14,435.1099,435.9598,433.1878,433.9508,69815800
2023-07-17,433.8059,436.5104,433.7576,435.4576,52680200
2023-07-18,435.1292,439.3404,434.6945,438.6933,80668200
2023-07-19,439.4853,440.8569,438.616,439.6689,65891700
2023-07-20,438.674,439.5722,436.0371,436.7518,70591600
2023-07-21,438.4711,438.674,436.7422,436.7518,71275600
2023-07-24,437.9013,439.5143,436.8678,438.703,54023400
2023-07-25,438.4325,441.1563,438.3842,439.9006,55191200
2023-07-26,438.9637,441.3977,437.9109,439.9682,71052900
2023-07-27,443.3584,443.7641,436.1433,437.0512,92194400
2023-07-28,440.3256,442.1608,437.0513,441.3301,80011800
2023-07-31,441.8034,442.5278,440.4898,442.1704,62040400
2023-08-01,440.7023,441.6489,439.9489,440.9052,55291500
2023-08-02,437.7854,438.0461,434.0184,434.7718,93933400
2023-08-03,432.7531,435.4093,432.1059,433.5258,64276100
2023-08-04,435.3417,437.4473,431.0435,431.5651,100128900
2023-08-07,433.4002,435.4865,432.7048,435.332,58357500
2023-08-08,432.7918,435.3224,430.0776,433.4389,71361300
2023-08-09,433.7094,433.8736,429.7782,430.5413,78789600
2023-08-10,432.898,436.2882,429.5271,430.6958,93005500
2023-08-11,428.822,431.4589,428.2232,430.4447,68690900
2023-08-14,429.5271,432.8207,429.218,432.8207,47867400
2023-08-15,431.0435,431.4009,427.209,427.7789,75707500
2023-08-16,427.3635,429.0248,424.5335,424.6397,80107200
2023-08-17,426.1078,426.3686,420.8824,421.404,95711300
2023-08-18,418.5836,422.6403,418.2359,421.6068,98852000
2023-08-21,422.621,425.0936,420.4671,424.3499,68719000
2023-08-22,426.1271,426.1271,422.6403,423.2005,64994200
2023-08-23,424.263,428.5322,424.1182,427.9141,68441000
2023-08-24,429.5174,430.0293,421.9545,421.9835,88517300
2023-08-25,423.7125,426.2431,420.1581,424.9585,102325100
2023-08-28,427.151,428.2714,424.9584,427.6533,61595400
2023-08-29,427.547,434.115,427.3635,433.8349,83081900
2023-08-30,434.1729,436.2592,433.4678,435.6218,69053900
2023-08-31,436.2399,437.3797,434.8008,434.9843,66084600
2023-09-01,437.7081,438.191,434.3371,435.7956,58944100
2023-09-05,435.3514,435.6701,433.8446,433.9122,55166200
2023-09-06,433.1008,433.2071,428.6674,430.9952,70758500
2023-09-07,427.9913,430.3481,427.6436,429.672,70355400
2023-09-08,429.7202,431.8548,429.3628,430.3191,61659700
2023-09-11,432.9463,433.4582,431.2367,433.1492,60180100
2023-09-12,431.7003,433.2264,430.1936,430.7731,67565400
2023-09-13,430.9952,432.4343,429.894,431.2753,60199300
2023-09-14,433.748,435.6894,432.444,434.9939,83430800
2023-09-15,433.4073,433.7368,429.3169,429.753,111848900
2023-09-18,429.4428,431.3039,428.9679,430.005,55752200
2023-09-19,429.0842,429.6755,426.4284,429.1133,66514600
2023-09-20,430.3733,430.7901,424.9647,425.1683,82562600
2023-09-21,422.3186,422.5803,417.9859,418.141,104095800
2023-09-22,419.1684,420.7677,416.784,417.2008,100829700
2023-09-25,415.9891,418.9939,415.5529,418.9551,70874500
2023-09-26,415.9116,416.6192,411.9666,412.8002,96168400
2023-09-27,413.973,414.5352,409.3204,412.9649,104705800
2023-09-28,412.4125,417.036,411.8212,415.3591,92258300
2023-09-29,418.4124,418.5868,412.8293,414.351,115111300
2023-10-02,413.5174,415.4366,411.4238,414.1862,83798600
2023-10-03,412.0053,414.2444,407.2752,408.6419,103760600
2023-10-04,409.1072,412.364,407.6436,411.6177,87453000
2023-10-05,411.3269,412.3059,408.2349,411.4626,70142700
2023-10-06,409.0103,417.889,407.6824,416.3478,113273300
2023-10-09,414.4479,419.5852,413.8955,419.0133,80374400
2023-10-10,419.6433,423.7919,419.2459,421.1942,78607300
2023-10-11,422.2604,423.1715,419.8759,422.9195,62451700
2023-10-12,423.5302,423.9082,417.9859,420.3412,81154200
2023-10-13,421.8436,423.0455,416.6773,418.2476,95143100
2023-10-16,420.4964,423.7144,420.2541,422.6482,75433200
2023-10-17,419.5173,424.6837,419.1684,422.6288,75324700
2023-10-18,420.855,421.8146,415.9116,416.9972,93559800
2023-10-19,417.7145,419.527,412.6548,413.3333,121323000
2023-10-20,412.8972,413.44,408.1476,408.2543,123919900
2023-10-23,406.7227,411.4141,404.9683,407.5466,92035100
2023-10-24,409.6694,411.7727,407.818,410.6193,78564200
2023-10-25,408.9327,408.9618,404.2123,404.726,94223200
2023-10-26,403.6598,404.5128,398.9588,399.8796,115156800
2023-10-27,401.4692,401.8666,396.6422,398.067,107367700
2023-10-30,400.8585,403.8827,399.5597,402.8262,86562700
2023-10-31,403.3981,405.6759,401.4886,405.3561,79665200
2023-11-01,406.3254,410.4933,405.7923,409.6791,98068100
2023-11-02,413.4787,417.6854,413.4593,417.5303,94938900
2023-11-03,419.8372,422.8905,419.7112,421.3396,100167800
2023-11-06,422.0957,422.7548,420.3607,422.3089,67831700
2023-11-07,422.3089,424.1505,421.1651,423.5108,64256100
2023-11-08,424.1117,424.6352,421.514,423.821,61746000
2023-11-09,424.9648,425.0036,420.0893,420.5157,83174400
2023-11-10,422.59,427.388,420.5061,427.0778,89462200
2023-11-13,425.7402,427.7757,424.9551,426.6707,52236100
2023-11-14,432.6124,436.2376,432.3895,434.9484,97176900
2023-11-15,436.286,437.517,435.0162,435.8692,77327600
2023-11-16,435.4234,436.7222,434.3571,436.4023,66665800
2023-11-17,436.412,437.5558,435.4912,436.9452,83133200
2023-11-20,436.6931,441.1518,436.6834,440.3086,69936200
2023-11-21,439.2618,440.1826,438.0793,439.349,49244600
2023-11-22,441.0064,442.3634,439.9499,441.0452,59394900
2023-11-24,441.0937,441.5105,440.7641,441.3166,29737400
2023-11-27,440.6866,441.5008,440.1341,440.5218,50506000
2023-11-28,440.1341,442.2568,439.5719,440.958,62115000
2023-11-29,443.1098,444.2439,440.2504,440.6478,63146000
2023-11-30,441.4911,442.7318,439.4168,442.3828,79752700
2023-12-01,441.7722,445.533,441.1809,444.9999,89183400
2023-12-04,441.6075,445.0193,440.3861,442.664,72430900
2023-12-05,441.2778,443.5363,440.8998,442.5767,69793500
2023-12-06,444.7188,444.7479,440.3571,440.7932,69124700
2023-12-07,442.8771,444.806,442.2762,444.1566,66995400
2023-12-08,443.4102,446.5992,443.1679,446.0661,83194400
2023-12-11,445.5718,447.9756,445.3585,447.8011,65002200
2023-12-12,447.4523,449.9433,446.4539,449.8464,68327600
2023-12-13,450.2243,456.3018,449.8657,456.0498,93278000
2023-12-14,457.9884,459.1806,454.8382,457.5134,119026000
2023-12-15,456.9158,458.0934,454.911,456.7601,141553700
2023-12-18,458.3659,460.3124,457.3051,459.3294,70375300
2023-12-19,459.8745,462.2005,459.7966,462.1226,55761800
2023-12-20,461.2661,463.1541,455.2906,455.7188,102921000
2023-12-21,458.7066,460.3124,456.2833,460.0399,86667500
2023-12-22,461.1688,462.6481,459.0667,460.9644,67160400
2023-12-26,461.3732,463.8159,461.2953,462.9109,55387000
2023-12-27,462.7065,463.8938,462.1712,463.7478,68000300
2023-12-28,464.1079,464.76,463.5045,463.923,77158100
2023-12-29,463.7284,464.2539,460.6238,462.58,122283100
